Vv_23,2000,1000,vv_VIT_02s0025g03100
rank,V1_geneId,Fabs,Frel,gene_symbol,v3,group_x,subgroup,pathway_or_family,full_name,gene_name_synonym(s),type,reaction_EC,Vitisnet_Network1,Vitisnet_Network2
1,VIT_01s0010g00720,2047,1.0000,,Vitvi01g01314,,,,Unknown,,,,,
2,VIT_18s0117g00400,2052,0.9995,,Vitvi18g01887,,,,TIR-NBS-LRR-TIR disease resistance protein,,,,,
3,VIT_17s0000g08830,2055,0.9990,,Vitvi17g00870,,,,SOUL heme-binding,,,,,
4,VIT_17s0000g03270,2051,0.9990,,Vitvi17g01391,,,,CYP77A5P,,,,,
5,VIT_02s0033g01210,2049,0.9985,,Vitvi02g01158,,,,Cyclops,,,,,
6,VIT_02s0025g03110,2054,0.9981,,Vitvi02g01372,,,,Cinnamyl alcohol dehydrogenase,,,E1_1_1_195,vv10940Phenylpropanoid_biosynthesis,
7,VIT_14s0030g01100,2042,0.9980,,Vitvi14g02627,,,,DNA-directed RNA polymerase III subunit C25,,,K03022,vv23020RNA_polymerase,
8,VIT_19s0085g00550,2063,0.9971,,Vitvi19g01707,,,,Ser/Thr protein kinase,,,,,
9,VIT_08s0007g08420,2051,0.9966,,Vitvi08g02397,,,,R protein MLA10,,,K13475,vv34627R_proteins_from_Plant-pathogen_interaction,
10,VIT_00s0153g00070,2048,0.9966,,Vitvi15g01730,,,,Glutathione S-transferase 8 GSTU8,,,E2_5_1_18_GSTU8,vv10480Glutathione_metabolism,
11,VIT_05s0077g01820,2055,0.9937,,Vitvi05g00055,,,,Protein phosphatase 2C,,,E3_1_3_16,,
12,VIT_09s0002g01760,2045,0.9927,,Vitvi09g00149,,,,EIF-4A3,,,K13025,vv23013RNA_transport,vv23015mRNA_surveillance_pathway
13,VIT_03s0038g02610,2031,0.9907,,Vitvi03g00164,,,,Monooxygenase (MO2),,,,,
14,VIT_09s0002g08470,2030,0.9907,,Vitvi09g00763,,,,NADP-dependent oxidoreductase,,,E1_6_5_5,,
15,VIT_14s0030g02020,2033,0.9903,,Vitvi14g02663,,,,Aldo/keto reductase,,,E1_1_1_21,vv10040Pentose_glucuronate_interconversion,vv10051Fructose_and_mannose_metabolism
16,VIT_12s0057g01080,2023,0.9844,,Vitvi12g00727,,,,Kelch repeat-containing protein,,,,,
17,VIT_13s0067g00170,2019,0.9844,,Vitvi13g00009,,,,Autophagy 18 ATG18d,,,ATG18,vv44140Regulation_of_autophagy,
18,VIT_18s0041g00500,2007,0.9809,,Vitvi18g03109,,,,Proton-dependent oligopeptide transport (POT) family protein,,,POT,vv50122Porters_cat_7_to_17,
19,VIT_03s0063g00790,2003,0.9752,,Vitvi03g01554,,,,Carboxyesterase 13, CXE13,,,E3_1_1_1,
20,VIT_00s0558g00030,1981,0.9697,,Vitvi00g00792,,,,Pro-X carboxypeptidase Lysosomal,,,E3_4_16_2,,
21,VIT_04s0079g00610,1964,0.9632,,Vitvi04g00871,,,,Early nodulin ENOD18 protein,,,,,
22,VIT_01s0011g01830,1973,0.9629,,Vitvi01g00143,,,,Lecithine cholesterol acyltransferase,,,E2_3_1_43,vv10564Glycerophospholipid_metabolism,
23,VIT_15s0021g00960,1961,0.9580,,Vitvi15g00510,,,,1-aminocyclopropane-1-carboxylate oxidase,,,E1_14_17_4,vv10640Propanoate_metabolism,vv30008Ethylene_signaling
24,VIT_18s0117g00570,1953,0.9555,,Vitvi18g01905,,,,TIR-NBS-LRR-TIR disease resistance protein,,,,,
25,VIT_01s0150g00600,1964,0.9539,,Vitvi01g01816,,,,Nucleotide exchange factor SIL1,,,K14001,vv24141Protein_processing_in_endoplasmic_reticulum,
26,VIT_13s0067g00600,1961,0.9524,,Vitvi13g00029,,,,Arginine-tRNA-protein transferase 1,,,E2_3_2_8,vv20970Aminoacyl-tRNA_biosynthesis,
27,VIT_17s0000g05790,1954,0.9522,,Vitvi17g00554,,,,Cupin, RmlC-type,,,,
28,VIT_14s0171g00300,1947,0.9488,4CL11,Vitvi14g01589,4CL,4CL,Phenylpropanoid Pathway (Early),4CL (4-Coumarate:CoA Ligase),,Enzyme,6.2.1.12,vv10940Phenylpropanoid_biosynthesis,vv50104Group_translocators
29,VIT_14s0006g03240,1927,0.9363,,Vitvi14g01227,,,,Regulator of chromosome condensation (RCC1),,,RCC1,vv50112Nuclear_pore_complex,
30,VIT_03s0038g01550,1908,0.9298,,Vitvi03g01377,,,,R protein  PRF  disease resistance protein,,,K13453,vv34627R_proteins_from_Plant-pathogen_interaction,
31,VIT_13s0047g00110,1889,0.9215,,Vitvi13g01107,,,,Ripening regulated protein DDTFR8,,,,,
32,VIT_05s0102g00560,1903,0.9193,,Vitvi05g01507,,,,Peptidyl-prolyl cis-trans isomerase E,,,K09564,vv23040Spliceosome,
33,VIT_04s0023g03580,1855,0.9009,,Vitvi04g01474,,,,JR700,,,,,
34,VIT_04s0008g04120,1846,0.9000,RD22k,Vitvi04g01870,BURP_RD22,BURP_RD22,BURP,response to dehydration 22k,VvBURP14,Other,,,
35,VIT_13s0073g00250,1842,0.8981,,Vitvi13g01022,,,,Urate oxidase.,,,E1_7_3_3,vv10230Purine_metabolism,
36,VIT_12s0059g01630,1821,0.8887,,Vitvi12g00460,,,,Zinc metalloproteinase,,,E3_4_21_74,,
37,VIT_03s0038g03200,1810,0.8812,,Vitvi03g00199,,,,MATE efflux family protein,,,MATE,vv50125Porters_cat_66_to_94,
38,VIT_03s0063g01620<br>VIT_18s0041g01380<br>VIT_07s0095g00580<br>VIT_18s0041g01570<br>VIT_09s0018g00900<br>VIT_08s0056g00360<br>VIT_04s0008g06900<br>VIT_04s0008g04820<br>VIT_00s0193g00140<br>VIT_06s0009g02050<br>VIT_09s0054g00270<br>VIT_04s0008g04840,1788,0.8773
39,VIT_09s0002g08300,1793,0.8729,,Vitvi09g00740,,,,R protein MLA10,,,K13475,vv34627R_proteins_from_Plant-pathogen_interaction,
40,VIT_06s0004g04430,1789,0.8647,,Vitvi06g00439,,,,Ubiquitin-conjugating enzyme E2 G1,,,K10575,vv24120Ubiquitin_mediated_proteolysis,vv24141Protein_processing_in_endoplasmic_reticulum
41,VIT_02s0025g03170,1765,0.8639,ERF052,Vitvi02g00286,ERF,VI,AP2/ERF,Ethylene-responsive transcription factor related to APETALA2 11,,TF,,vv30008Ethylene_signaling,vv60003AP2_EREBP
42,VIT_05s0049g00350,1757,0.8583,,Vitvi05g00703,,,,Desacetoxyvindoline 4-hydroxylase,,,E1_14_11_20,vv10902Monoterpenoid_biosynthesis,
43,VIT_05s0049g00360,1767,0.8569,,Vitvi05g00704,,,,2-oxoglutarate-dependent dioxygenase,,,,,
44,VIT_12s0055g01290,1749,0.8548,,,,,,No hit,,,,,
45,VIT_07s0129g00860,1768,0.8545,CYP81E1.2,Vitvi07g01662,CYP450,CYP450,Unclassified (Unknown Pathway),cytochrome p450,,Enzyme,,vv10943Isoflavonoid_biosynthesis,
46,VIT_12s0121g00290,1749,0.8503,,Vitvi12g01172,,,,Diacylglycerol kinase,,,E2_7_1_107,vv10561Glycerolipid_metabolism,vv10564Glycerophospholipid_metabolism
47,VIT_12s0142g00070,1735,0.8459,,Vitvi12g00914,,,,Loricrin,,,K10385,,
48,VIT_18s0001g05050,1732,0.8420,,Vitvi18g02265,,,,R protein L6,,,K13477,vv34627R_proteins_from_Plant-pathogen_interaction,
49,VIT_04s0008g04830,1732,0.8404,PDR31,Vitvi04g00425,ABC-transporter,PDR/ABCG,ABC-transporter,ATP-binding cassette (ABC),ABCG61,Transporter,,vv52010ABC_transporters,
50,VIT_12s0057g01300,1720,0.8398,,Vitvi12g00752,,,,Armadillo/beta-catenin repeat family protein,,,,,
51,VIT_19s0015g00100,1717,0.8372,,Vitvi19g00650,,,,CYP71D51v2,,,E1_14_13_73,vv10902Monoterpenoid_biosynthesis,
52,VIT_17s0053g00070,1725,0.8362,,Vitvi17g01633,,,,Metal-nicotianamine transporter YSL5,,,YSL5,vv50125Porters_cat_66_to_94,
53,VIT_13s0101g00300,1694,0.8292,,,,,,R protein MLA10,,,K13475,vv34627R_proteins_from_Plant-pathogen_interaction,
54,VIT_14s0108g01170,1695,0.8280,,Vitvi14g01995,,,,Pectinesterase family,,,E3_1_1_11,vv40006Cell_wall,
55,VIT_02s0012g01020,1680,0.8231,,Vitvi02g00670,,,,Zinc finger (C3HC4-type ring finger),,,ZFC3HC4_174,vv60078Other_zf-C3HC4,
56,VIT_12s0178g00190,1670,0.8174,,Vitvi12g02526,,,,Unknown,,,,,
57,VIT_18s0001g02630,1674,0.8150,,Vitvi18g00264,,,,F-box only protein 9,,,,,
58,VIT_15s0046g03600,1658,0.8064,,Vitvi15g01182,,,,(+)-neomenthol dehydrogenase,,,E1_1_1_208,vv10902Monoterpenoid_biosynthesis,
59,VIT_12s0035g00900,1649,0.8064,JAZ10,Vitvi12g02718,JAZ/TIFY,JAZ,JAZ/TIFYs,Jasmonate-ZIM domain protein,,Other,,vv60069ZIM,
60,VIT_14s0060g00550,1646,0.8021,,Vitvi14g00047,,,,ATP-citrate synthase,,,E4_1_3_6,vv10020Citrate_cycle,
61,VIT_07s0129g00800,1649,0.7989,CYP81E1.5,Vitvi07g01657,CYP450,CYP450,Unclassified (Unknown Pathway),cytochrome p450,,Enzyme,,vv10943Isoflavonoid_biosynthesis,
62,VIT_03s0063g02520,1633,0.7978,,Vitvi03g00335,,,,PRLI-interacting factor G,,,,,
63,VIT_18s0001g01470,1631,0.7964,,Vitvi18g02520,,,,No hit,,,,,
64,VIT_14s0108g00220,1637,0.7962,,Vitvi14g01913,,,,RKF1 (receptor-like kinase in flowers 1),,,,,
65,VIT_17s0000g00040,1627,0.7940,,Vitvi17g00014,,,,Pentatricopeptide (PPR) repeat-containing,,,,,
66,VIT_03s0038g02910,1633,0.7931,,Vitvi03g01414,,,,F-box family protein,,,,,
67,VIT_12s0121g00400,1610,0.7854,,Vitvi12g01268,,,,No hit,,,,,
68,VIT_01s0011g02450,1615,0.7844,,Vitvi01g01906,,,,No hit,,,,,
69,VIT_02s0025g04620,1597,0.7783,,Vitvi02g00424,,,,Phospholipase D beta 1,,,PLDB1,vv10564Glycerophospholipid_metabolism,vv10565Ether_lipid_metabolism
70,VIT_08s0007g02740,1589,0.7699,,Vitvi08g01405,,,,IAA-amino acid hydrolase 1 (ILR1),,,K01463,vv11002Auxin_biosynthesis,
71,VIT_11s0016g02320,1570,0.7636,,Vitvi11g00190,,,,Unknown protein,,,,,
72,VIT_14s0068g00650,1569,0.7628,,Vitvi14g01420,,,,Unknown,,,,,
73,VIT_14s0060g01690,1554,0.7610,,Vitvi14g00138,,,,fumarase,,,E4_2_1_2,vv10020Citrate_cycle,vv10720Reductive_carboxylate_cycle
74,VIT_08s0007g02280,1551,0.7584,,Vitvi08g01369,,,,Phospholipase C,,,E3_1_4_3,vv10260Glycine_serine_and_threonine_metabolism,vv10562Inositol_phosphate_metabolism
75,VIT_18s0041g02450,1559,0.7575,,Vitvi18g02175,,,,RPS5 (resistant to p. syringae 5),,,K13460,vv34627R_proteins_from_Plant-pathogen_interaction,
76,VIT_14s0068g01430,1555,0.7571,,Vitvi14g01494,,,,Beta-ketoacyl-CoA synthase,,,E2_3_1_41,vv10061Fatty_acid_biosynthesis,
77,VIT_01s0011g03830,1547,0.7495,,Vitvi01g00314,,,,Metallo-beta-lactamase,,,E3_5_2_6,vv10311Penicillin_and_cephalosporin_biosynthesis,
78,VIT_04s0008g05420,1533,0.7485,,Vitvi04g00476,,,,SPX2 (SYG1/Pho81/XPR1) domain-containing protein SPX2,,,SPX2,vv50125Porters_cat_66_to_94,
79,VIT_13s0019g05110,1527,0.7456,,Vitvi13g00687,,,,Amino acid binding protein,,,,,
80,VIT_08s0007g03050,1517,0.7414,,Vitvi08g01433,,,,E8 protein,,,E8,vv30008Ethylene_signaling,
81,VIT_02s0025g00340,1521,0.7412,,Vitvi02g00030,,,,Monodehydroascorbate reductase, chloroplast precursor,,,E1_6_5_4,vv10053Ascorbate_and_aldarate_metabolism
82,VIT_01s0010g03670,1501,0.7308,,Vitvi01g01654,,,,Unknown protein,,,,,
83,VIT_14s0128g00260,1492,0.7260,,Vitvi14g00263,,,,Unknown,,,,,
84,VIT_17s0000g05460,1501,0.7251,,Vitvi17g00516,,,,Nodulin,,,,,
85,VIT_19s0014g01260,1481,0.7228,,Vitvi19g00100,,,,Multiprotein-bridging factor 1a MBF1A,,,MBF1A_1,vv60043MBF1,
86,VIT_15s0024g00440,1479,0.7225,,Vitvi15g00020,,,,R protein  PRF  disease resistance protein,,,K13453,vv34627R_proteins_from_Plant-pathogen_interaction,
87,VIT_15s0021g01530,1477,0.7208,,Vitvi15g00558,,,,VAD1 (vascular associated death1),,,,,
88,VIT_18s0001g13180,1487,0.7191,,Vitvi18g01017,,,,Ubiquitin-conjugating enzyme E2 W,,,K10688,vv24120Ubiquitin_mediated_proteolysis,
89,VIT_15s0046g02280,1454,0.7156,,Vitvi15g01099,,,,Ubiquitin-conjugating enzyme E2 H,,,K10576,vv24120Ubiquitin_mediated_proteolysis,
90,VIT_14s0060g01700,1458,0.7126,,,,,,fumarase,,,E4_2_1_2,vv10020Citrate_cycle,vv10720Reductive_carboxylate_cycle
91,VIT_08s0007g01410,1457,0.7087,,Vitvi08g02227,,,,Glutathione S-transferase 8 GSTU8,,,E2_5_1_18_GSTU8,vv10480Glutathione_metabolism,
92,VIT_01s0010g02230,1442,0.7062,,Vitvi01g01506,,,,Response regulator ARR11 Type-B,,,ARR11_2,vv30007Cytokinin_signaling,vv60006ARR-B
93,VIT_07s0031g03030,1453,0.7057,,Vitvi07g01985,,,,Calmodulin-binding protein,,,,,
94,VIT_17s0000g04930,1429,0.6988,ST1,Vitvi17g00460,Flavonol ST,Flavonol ST,Flavonoid Pathway (Flavonols),flavonol sulphotransferase,,Enzyme,,vv10966Glucosinolate_biosynthesis,
95,VIT_06s0061g00040,1432,0.6985,,Vitvi06g01272,,,,Hexokinase 6,,,E2_7_1_1,vv10010Glycolysis,vv10051Fructose_and_mannose_metabolism
96,VIT_00s0687g00010<br>VIT_00s0521g00010,1420,0.6923
97,VIT_17s0000g04480,1426,0.6916,ERF048,Vitvi17g00406,ERF,V,AP2/ERF,Ethylene-responsive transcription factor related to APETALA2 11,,TF,,vv30008Ethylene_signaling,vv60003AP2_EREBP
98,VIT_06s0004g02410,1400,0.6846,,Vitvi06g00236,,,,ATP-NAD kinase,,,E2_7_1_23,vv10760Nicotinate_and_nicotinamide_metabolism,
99,VIT_15s0046g00080,1397,0.6825,,Vitvi15g00929,,,,Yippee,,,,,
100,VIT_15s0021g00990,1395,0.6805,,Vitvi15g00514,,,,LOL3 (LSD ONE like 3),,,LOL3,,
101,VIT_19s0085g00630,1383,0.6776,,Vitvi19g01712,,,,Defective in cullin neddylation DCN1 protein 2,,,,,
102,VIT_07s0289g00060,1384,0.6751,,Vitvi07g01147,,,,UDP-glucose:salicylic acid glucosyltransferase,,,E2_4_1_35,vv10500Starch_and_sucrose_metabolism,
103,VIT_07s0129g00760,1380,0.6735,CYP81E1.4,Vitvi07g01653,CYP450,CYP450,Unclassified (Unknown Pathway),cytochrome p450,,Enzyme,,vv10943Isoflavonoid_biosynthesis,
104,VIT_05s0020g01420,1377,0.6720,,Vitvi05g00310,,,,FPF1 (flowering promoting factor 1),,,FPF1,vv30009Flower_development,
105,VIT_14s0081g00150,1366,0.6657,,Vitvi14g00497,,,,Ankyrin,,,K10380,vv50108Accessory_factors_involved_in_transport,
106,VIT_08s0007g07710,1356,0.6615,,Vitvi08g02372,,,,CYP93A1 2-hydroxyisoflavanone synthase,,,E1_14_13_86,vv10943Isoflavonoid_biosynthesis,
107,VIT_14s0068g00160,1340,0.6537,,Vitvi14g02930,,,,No hit,,,,,
108,VIT_11s0037g01210,1335,0.6519,,Vitvi11g00835,,,,Eceriferum 1 (CER1 protein) Sterol desaturase,,,,,
109,VIT_00s0612g00010,1331,0.6455,,Vitvi10g00113,,,,Phospholipase/carboxylesterase,,,E3_1_1_1,,
110,VIT_06s0080g00630,1325,0.6438,,Vitvi06g01965,,,,No hit,,,,,
111,VIT_16s0039g01810,1314,0.6429,,Vitvi16g00111,,,,GCN5 N-acetyltransferase (GNAT),,,GCN5_13,vv60082GNAT,
112,VIT_06s0004g03430,1313,0.6414,AD1,Vitvi06g00346,AD,AD,Shikimate Pathway,arogenate dehydratase,,Enzyme,4.2.1.91,vv10400Phenylalanine_tyrosine_and_tryptophan_biosynthesis,
113,VIT_18s0075g00400,1301,0.6346,,Vitvi18g03016,,,,Disease resistance protein (TIR-NBS-LRR class),,,,,
114,VIT_17s0000g09690,1303,0.6331,,Vitvi17g00959,,,,L-isoaspartate-O-methyl transferase,,,E2_1_1_77,vv10271Methionine_metabolism,
115,VIT_19s0015g02140,1290,0.6308,,Vitvi19g00962,,,,CYP72A59,,,K13400,vv10902Monoterpenoid_biosynthesis,
116,VIT_16s0115g00460,1292,0.6290,,Vitvi16g00591,,,,Auxilin,,,,,
117,VIT_13s0067g00660,1287,0.6287,,Vitvi13g00033,,,,Steroid 23-alpha-hydroxylase,,,K09588,vv10905Brassinosteroid_biosynthesis,
118,VIT_14s0108g01120,1273,0.6228,,Vitvi14g01991,,,,SPX (SYG1/Pho81/XPR1) domain-containing protein,,,SPX,vv50125Porters_cat_66_to_94,
119,VIT_12s0034g02500,1265,0.6144,,Vitvi12g01921,,,,R protein MLA10,,,K13475,vv34627R_proteins_from_Plant-pathogen_interaction,
120,VIT_07s0129g01030,1243,0.6031,,Vitvi07g01673,,,,Cinnamyl alcohol dehydrogenase,,,E1_1_1_195,vv10940Phenylpropanoid_biosynthesis,
121,VIT_15s0048g00980,1240,0.6022,,Vitvi15g01501,,,,NADPH HC toxin reductase,,,,,
122,VIT_14s0006g01870,1226,0.6007,,Vitvi14g01005,,,,E3 ubiquitin-protein ligase SIAH2,,,K08742,vv24120Ubiquitin_mediated_proteolysis,
123,VIT_04s0008g05900,1220,0.5945,,Vitvi04g00525,,,,ARR12,,,ARR12,vv30007Cytokinin_signaling,vv60006ARR-B
124,VIT_02s0025g03590,1200,0.5877,,Vitvi02g00332,,,,Phospholipid hydroperoxide glutathione peroxidase,,,E1_11_1_12,vv10480Glutathione_metabolism,
125,VIT_14s0068g01970,1205,0.5867,,Vitvi14g01540,,,,Unknown protein,,,,,
126,VIT_16s0022g00600,1198,0.5841,,Vitvi16g00703,,,,RIN2 (RPM1  interacting  protein 2),,,,,
127,VIT_02s0012g00390,1186,0.5766,,Vitvi02g01472,,,,Norcoclaurine synthase,,,E4_2_1_78,vv10950Alkaloid_biosynthesis_I,
128,VIT_16s0098g01620,1179,0.5760,,Vitvi16g01393,,,,Synbindin TRAPPC1,,,TRAPPC1,vv50110Protein_coat,
129,VIT_02s0087g00590,1180,0.5750,,Vitvi02g01664,,,,Ribosomal protein L30,,,K02907,vv23010Ribosome,
130,VIT_04s0008g04480,1179,0.5737,,Vitvi04g00388,,,,Zinc finger (C3HC4-type ring finger),,,ZFC3HC4_124,vv60078Other_zf-C3HC4,
131,VIT_13s0047g00950,1171,0.5726,,Vitvi13g02238,,,,R protein MLA10,,,K13475,vv34627R_proteins_from_Plant-pathogen_interaction,
132,VIT_19s0090g01300,1163,0.5651,,Vitvi19g02035,,,,Syntaxin 52,,,K08503,vv24130SNARE_interactions_in_vesicular_transport,
133,VIT_19s0015g02090,1168,0.5651,,Vitvi19g00958,,,,CYP72A59,,,K13400,vv10902Monoterpenoid_biosynthesis,
134,VIT_10s0003g02010,1159,0.5632,,Vitvi10g00656,,,,RKF1 (receptor-like kinase in flowers 1),,,,,
135,VIT_09s0002g00370,1150,0.5610,,Vitvi09g00022,,,,Unknown protein,,,,,
136,VIT_15s0046g02810,1145,0.5577,,Vitvi15g01668,,,,R protein  PRF  disease resistance protein,,,K13453,vv34627R_proteins_from_Plant-pathogen_interaction,
137,VIT_00s0299g00080,1128,0.5516,,Vitvi02g01718,,,,Unknown,,,,,
138,VIT_18s0001g13150,1123,0.5475,VviHB68,Vitvi18g01016,HB,BEL,,BEL1 homeotic protein 3,,TF,BLH3,vv60034HB,
139,VIT_06s0004g05550,1119,0.5461,,Vitvi06g00542,,,,RAB GTPase RABA2B,,,K07976,,
140,VIT_06s0004g00740,1124,0.5448,,Vitvi06g01588,,,,Acyl-CoA synthetases (Acyl-activating enzyme 18),,,E6_2_1_3,vv10071Fatty_acid_metabolism,vv50104Group_translocators
141,VIT_14s0030g00930,1116,0.5431,MCO-Like16,Vitvi14g02615,Multicopper Oxidase Like,Multicopper Oxidase Like,Unclassified (Unknown Pathway),Multicopper Oxidase Like,,Enzyme,,vv11000Single_reactions,vv50109Incompletely_characterized_transport_systems
142,VIT_12s0028g02330,1113,0.5419,,Vitvi12g02259,,,,No hit,,,,,
143,VIT_09s0002g05190,1108,0.5408,,Vitvi09g01629,,,,No hit,,,,,
144,VIT_07s0141g00550,1103,0.5360,,Vitvi07g02086,,,,No hit,,,,,
145,VIT_15s0021g00950,1096,0.5357,FLS9,Vitvi15g00509,FLS,FLS,Flavonoid Pathway (Flavonols),flavonol synthase,,Enzyme,,vv10640Propanoate_metabolism,vv30008Ethylene_signaling
146,VIT_08s0007g07250,1092,0.5332,ERF051,Vitvi08g01965,ERF,V,AP2/ERF,Ethylene-responsive transcription factor related to APETALA2 11,,TF,,vv30008Ethylene_signaling,vv60003AP2_EREBP
147,VIT_00s0231g00050,1097,0.5330,,Vitvi07g02883,,,,ATP binding protein,,,,,
148,VIT_07s0104g00770,1095,0.5326,,Vitvi07g00200,,,,Methyl-CpG-binding domain-containing protein,,,,,
149,VIT_18s0001g00600,1091,0.5322,,Vitvi18g00147,,,,F-box family protein,,,,,
150,VIT_09s0018g00610,1088,0.5310,,Vitvi09g01852,,,,Unknown protein,,,,,
151,VIT_01s0127g00380,1081,0.5307,,Vitvi01g00706,,,,Pyrrolidone-carboxylate peptidase,,,E3_4_19_3,,
152,VIT_14s0066g00180,1097,0.5305,,Vitvi14g01658,,,,RAB GTPase RAB2C,,,K07976,,
153,VIT_12s0059g02650,1073,0.5214,bHLH052,Vitvi12g00556,bHLH,bHLH,bHLH,,,TF,,vv11002Auxin_biosynthesis,vv60011BHLH
154,VIT_10s0003g02020,1073,0.5209,,,,,,RKF1 (receptor-like kinase in flowers 1),,,,,
155,VIT_13s0019g03060<br>VIT_13s0019g03120<br>VIT_13s0019g03130<br>VIT_13s0019g03100,1055,0.5134
156,VIT_02s0025g03640,1048,0.5125,,Vitvi02g01383,,,,Cu2+-exporting ATPase HMA5 (heavy metal ATPase 5),,,K01533_HMA5,vv50131Primary_active_transporter_cat_A2_to_A4,
157,VIT_18s0001g04290,1056,0.5121,,Vitvi18g02553,,,,No hit,,,,,
158,VIT_13s0067g03260,1051,0.5109,,Vitvi13g00196,,,,Pheophorbidase,,,E3_1_1_82,vv10860Porphyrin_and_chlorophyll_metabolism,
159,VIT_01s0010g02760,1047,0.5083,,Vitvi01g01563,,,,Urease,,,E3_5_1_5,vv10220Urea_cycle_and_metabolism_of_amino_groups,
160,VIT_09s0002g07870,1034,0.5059,,Vitvi09g00692,,,,Dihydrouridine synthase 2,,,K05543,,
161,VIT_05s0020g02490,1037,0.5059,,Vitvi05g00404,,,,Unknown protein,,,,,
162,VIT_07s0197g00250,1030,0.5007,,Vitvi07g01313,,,,Disease resistance protein (CC-NBS-LRR class),,,,,
163,VIT_11s0065g00960,1032,0.4998,,Vitvi11g01574,,,,No hit,,,,,
164,VIT_11s0016g02700,1022,0.4995,,Vitvi11g00226,,,,IAA-amino acid hydrolase 2 (ILL2),,,ILL2,vv11002Auxin_biosynthesis,
165,VIT_14s0030g01400,1019,0.4968,,Vitvi14g00396,,,,Unknown protein,,,,,
166,VIT_00s0211g00040,1017,0.4942,,,,,,Nodulation receptor kinase,,,,,
167,VIT_03s0097g00660,1010,0.4917,,Vitvi03g00855,,,,Zinc finger (C3HC4-type ring finger),,,ZFC3HC4_151,vv60078Other_zf-C3HC4,
168,VIT_03s0017g00550,1012,0.4891,,Vitvi03g01080,,,,Beta-ureidopropionase,,,E3_5_1_6,vv10240Pyrimidine_metabolism,vv10410Beta-alanine_metabolism
169,VIT_06s0004g02270,1006,0.4886,,,,,,Nuclear transcription factor Y subunit A-1,,,NFYA1_2,vv60021CCAAT,
170,VIT_07s0005g01980,1003,0.4883,,Vitvi07g02242,,,,Glycosyl transferase family 8 protein,,,,,
171,VIT_19s0014g01460,980,0.4780,,Vitvi19g00121,,,,Ubiquitin-conjugating enzyme E2 N,,,K10580,vv24120Ubiquitin_mediated_proteolysis,
172,VIT_05s0020g00890,971,0.4744,MDR10,Vitvi05g00261,ABC-transporter,DMR/ABCB,ABC-transporter,ATP-binding cassette (ABC),ABCB10,Transporter,,vv52010ABC_transporters,
173,VIT_16s0098g00290,956,0.4691,,Vitvi16g01282,,,,GLT1 (NADH-dependent glutamate synthase 1 gene),,,E1_4_1_14,vv10251Glutamate_metabolism,vv10910Nitrogen_metabolism
174,VIT_18s0075g00460,963,0.4679,,Vitvi18g01761,,,,TIR-NBS-LRR disease resistance,,,,,
175,VIT_14s0030g00970,950,0.4639,,Vitvi14g00362,,,,Oxidoreductase, zinc-binding dehydrogenase family,,,,
176,VIT_13s0101g00060,952,0.4626,,Vitvi13g02150,,,,No hit,,,,,
177,VIT_16s0100g00690,940,0.4615,,Vitvi16g00976,,,,Ankyrin repeat,,,K10380,vv50108Accessory_factors_involved_in_transport,
178,VIT_07s0005g01970,925,0.4519,,Vitvi07g00457,,,,Galactinol synthase,,,E2_4_1_123,vv10052Galactose_metabolism,
179,VIT_01s0113g00450,922,0.4474,,Vitvi01g01125,,,,Midasin-related,,,K14572,vv23008Ribosome_biogenesis_in_Eukaryotes,
180,VIT_00s0211g00030,912,0.4444,,Vitvi07g01508,,,,Symbiosis receptor kinase,,,,,
181,VIT_13s0064g00580,909,0.4415,FKBP42,Vitvi13g01702,FK506-binding proteins,FK506-binding proteins,FK506-binding proteins,FK506-binding proteins,,Receptor,,vv50108Accessory_factors_involved_in_transport,
182,VIT_15s0021g01040,891,0.4353,,Vitvi15g00520,,,,CYP72A1,,,K13400,vv10902Monoterpenoid_biosynthesis,
183,VIT_19s0014g02630,892,0.4349,,Vitvi19g00219,,,,No hit,,,,,
184,VIT_12s0034g02280,881,0.4302,,,,,,Disease resistance protein,,,,,
185,VIT_16s0039g01550,880,0.4282,,Vitvi16g01512,,,,Unknown protein,,,,,
186,VIT_08s0007g00010,879,0.4273,,Vitvi08g01171,,,,ARF GTPase activator, ARF-GAP Domain 6,,,AGD6,vv50110Protein_coat
187,VIT_17s0000g02500,877,0.4272,,Vitvi17g00219,,,,RAB GTPase RABA6B,,,K07976,,
188,VIT_13s0067g00160,869,0.4237,,Vitvi13g00008,,,,NADPH2:quinone reductase,,,E1_6_5_5,vv10740Riboflavin_metabolism,
189,VIT_18s0001g14480,870,0.4229,,Vitvi18g01131,,,,Thaumatin SCUTL1,,,,,
190,VIT_13s0019g00040,868,0.4226,,Vitvi13g00245,,,,Beta-N-acetylhexosaminidase,,,E3_2_1_52,vv10511N-Glycan_degradation,vv10530Aminosugars_metabolism
191,VIT_16s0050g02560,860,0.4203,,Vitvi16g01218,,,,Cyclic nucleotide-regulated ion channel 1,,,K05391_CNGC1,vv34626Plant-pathogen_interaction,vv50101Channels_and_pores
192,VIT_03s0038g01540,862,0.4176,,Vitvi03g01376,,,,R protein  PRF  disease resistance protein,,,K13453,vv34627R_proteins_from_Plant-pathogen_interaction,
193,VIT_01s0011g02260,843,0.4114,,Vitvi01g00181,,,,Metal-nicotianamine transporter YSL7,,,YSL7,vv50125Porters_cat_66_to_94,
194,VIT_00s0188g00210,838,0.4080,,Vitvi10g01276,,,,Auxilin,,,,,
195,VIT_11s0016g00830,830,0.4053,,Vitvi11g00063,,,,Ribose isomerase,,,E5_3_1_20,vv10030Pentose_phosphate,
196,VIT_16s0022g00540,829,0.4015,,Vitvi16g00692,,,,Glycerol 3-phosphate permease,,,G3PP,vv50121Porters_cat_1_to_6,
197,VIT_17s0000g06760,823,0.3989,,Vitvi17g00660,,,,Unknown protein,,,,,
198,VIT_13s0067g03560,816,0.3977,,Vitvi13g00213,,,,Unknown protein,,,,,
199,VIT_00s0269g00010,812,0.3957,,Vitvi07g01170,,,,far-red impaired responsive family protein,,,FRSFAM_11,vv60071Orphans_far-red,
200,VIT_09s0002g01470,807,0.3954,,Vitvi09g00121,,,,4-phosphopantetheinyl transferase sfp,,,K06133,,
201,VIT_18s0001g11320,805,0.3927,,Vitvi18g00860,,,,Ent-kaurene oxidase,,,E1_14_13_78,vv10904Diterpenoid_biosynthesis,
202,VIT_18s0075g00440,804,0.3922,,Vitvi18g01755,,,,TIR-NBS-LRR disease resistance,,,,,
203,VIT_06s0004g04210,803,0.3891,,Vitvi06g01683,,,,No hit,,,,,
204,VIT_08s0056g00670,798,0.3889,,Vitvi08g01985,,,,No hit,,,,,
205,VIT_06s0004g00890,792,0.3869,,Vitvi06g00091,,,,Unknown protein,,,,,
206,VIT_18s0001g15700,788,0.3838,,Vitvi18g01251,,,,GLTP3 (glycolipid transfer protein 3),,,GLTP3,,
207,VIT_16s0050g01140,785,0.3837,,Vitvi16g01102,,,,Glutamine cyclotransferase,,,E2_3_2_5,vv11000Single_reactions,
208,VIT_14s0108g00170,780,0.3779,,Vitvi14g03065,,,,Quinonprotein alcohol dehydrogenase,,,,,
209,VIT_02s0012g01320,774,0.3774,MYC2,Vitvi02g00698,bHLH,bHLH,bHLH,,bHLH007,TF,,vv30011Jasmonate_signaling,vv34626Plant-pathogen_interaction
210,VIT_01s0011g05010,771,0.3761,,Vitvi01g00426,,,,Phytanoyl-CoA dioxygenase (PhyH),,,E1_14_11_18,vv11000Single_reactions,
211,VIT_08s0007g06710,764,0.3734,,Vitvi08g01757,,,,Aha1 domain-containing protein,,,,,
212,VIT_13s0019g02930,760,0.3729,,Vitvi13g02024,,,,Heat shock protein 17.6 kDa class I,,,K13993,vv24141Protein_processing_in_endoplasmic_reticulum,
213,VIT_19s0135g00060,763,0.3720,,Vitvi19g01394,,,,Glyoxalase II,,,E3_1_2_6,vv10620Pyruvate_metabolism,
214,VIT_05s0049g00950,758,0.3694,,Vitvi05g00736,,,,Phosphoenolpyruvate carboxylase kinase,,,E4_1_1_49,vv10020Citrate_cycle,vv10620Pyruvate_metabolism
215,VIT_07s0129g00060,754,0.3674,,Vitvi07g01583,,,,Adenylylsulfate kinase,,,E2_7_1_25,vv10230Purine_metabolism,vv10450Selenoamino_acid_metabolism
216,VIT_00s0958g00020,750,0.3650,FKBPb,Vitvi00g01011,FK506-binding proteins,FK506-binding proteins,FK506-binding proteins,FK506-binding proteins,,Receptor,,vv50108Accessory_factors_involved_in_transport,
217,VIT_05s0049g01010,746,0.3644,MYB13,Vitvi05g01732,R2R3-MYBs,MYB_S2,MYBs,,,TF,,vv60044MYB,
218,VIT_00s0218g00160,745,0.3643,,Vitvi07g02564,,,,UDP-rhamnose:rhamnosyltransferase,,,RHATR,vv10942Anthocyanin_biosynthesis,
219,VIT_07s0141g00170,746,0.3635,bZIP21,Vitvi07g00049,bZIP,bZIP_B,bZIPs,,,TF,,vv60012BZIP,
220,VIT_13s0064g01500,742,0.3625,,,,,,Lipoxygenase,,,E1_13_11_12,vv10592alpha-Linolenic_acid_metabolism,
221,VIT_17s0000g01330,734,0.3577,,Vitvi17g00105,,,,Unknown protein,,,,,
222,VIT_00s0583g00040,734,0.3565,,Vitvi10g00415,,,,Zinc finger (C3HC4-type ring finger),,,ZFC3HC4_107,vv60078Other_zf-C3HC4,
223,VIT_09s0002g04180,727,0.3534,,Vitvi09g00343,,,,Unknown protein,,,,,
224,VIT_02s0241g00020,721,0.3526,,Vitvi02g01423,,,,Unknown,,,,,
225,VIT_02s0025g00390,722,0.3507,,Vitvi02g00035,,,,Unknown protein,,,,,
226,VIT_10s0003g04950,714,0.3456,,Vitvi10g01915,,,,Esterase/lipase/thioesterase,,,,,
227,VIT_18s0122g00640,704,0.3422,,Vitvi18g02478,,,,Cinnamoyl-CoA reductase,,,E1_2_1_44,vv10940Phenylpropanoid_biosynthesis,
228,VIT_01s0011g01530,701,0.3418,,Vitvi01g00123,,,,No hit,,,,,
229,VIT_03s0017g00560,696,0.3405,,Vitvi03g01081,,,,Disease resistance RPP13 protein 4,,,,,
230,VIT_13s0064g01490,694,0.3395,,Vitvi13g01782,,,,Lipoxygenase,,,E1_13_11_12,vv10592alpha-Linolenic_acid_metabolism,
231,VIT_19s0014g00550,685,0.3355,,Vitvi19g00043,,,,Vacuolar sorting-associated protein (Vps27),,,VPS27,vv50111Tethering_factors,
232,VIT_10s0003g00080,685,0.3350,,Vitvi10g00484,,,,Ribosomal protein L11 methyltransferase,,,K02867,vv23010Ribosome,
233,VIT_14s0060g02440,684,0.3348,ZFP74,Vitvi14g00197,C2H2 ZFP_set_A,C2H2 ZFP_set_A,C2H2 ZFP,,,TF,,vv60017C2H2,
234,VIT_18s0041g00480,689,0.3335,,Vitvi18g01980,,,,Proton-dependent oligopeptide transport (POT) family protein,,,POT,vv50122Porters_cat_7_to_17,
235,VIT_10s0003g04970,681,0.3332,,Vitvi10g00944,,,,ATPase, BadF/BadG/BcrA/BcrD-type,,,,
236,VIT_16s0039g02350,685,0.3324,,Vitvi16g01548,,,,Dihydroflavonol 4-reductase,,,E1_1_1_219,vv10941Flavonoid_biosynthesis,
237,VIT_18s0001g13100,671,0.3284,,Vitvi18g01013,,,,Glycosyl transferase family 1 protein,,,,,
238,VIT_14s0030g01970,668,0.3243,,Vitvi14g00450,,,,Auxin-induced protein PCNT115,,,AUXREG,vv30003Auxin_signaling,
239,VIT_03s0063g00610,664,0.3225,,Vitvi03g00491,,,,ARP protein (REF),,,,,
240,VIT_00s2562g00020,656,0.3191,,Vitvi11g01715,,,,Ubiquitin-specific protease 23 (UBP23),,,,,
241,VIT_09s0018g00430,644,0.3140,,Vitvi09g01143,,,,Unknown protein,,,,,
242,VIT_00s0225g00150,641,0.3130,,Vitvi01g00664,,,,Anthranilate phosphoribosyltransferase,,,E2_4_2_18,vv10400Phenylalanine_tyrosine_and_tryptophan_biosynthesis,
243,VIT_19s0015g01870,633,0.3097,WRKY57,Vitvi19g00927,WRKY,WRKY,WRKYs,,,TF,,vv60066WRKY,
244,VIT_07s0005g05960,630,0.3079,,Vitvi07g02355,,,,Cytokinin dehydrogenase 5 precursor,,,E1_5_99_12,vv10908Zeatin_biosynthesis,
245,VIT_03s0063g00780,627,0.3063,,Vitvi03g01555,,,,CXE carboxylesterase,,,E3_1_1_1,,
246,VIT_13s0047g01010,622,0.3025,,Vitvi13g02241,,,,R protein MLA10,,,K13475,vv34627R_proteins_from_Plant-pathogen_interaction,
247,VIT_00s0238g00090,619,0.3024,,Vitvi18g03376,,,,TIR-NBS-LRR disease resistance,,,,,
248,VIT_01s0011g03280,621,0.3006,,Vitvi01g00265,,,,Protein phosphatase 2 regulatory subunit A,,,K03456,vv23015mRNA_surveillance_pathway,vv34020Calcium_signaling_pathway
249,VIT_19s0014g00580,617,0.3000,,Vitvi19g00048,,,,Disease resistance protein (NBS-LRR class),,,,,
250,VIT_09s0002g06890,614,0.2995,,Vitvi09g01664,,,,Dicyanin blue copper protein,,,,,
251,VIT_12s0121g00240,617,0.2994,,Vitvi12g01121,,,,MuDR transposase, Zinc finger, SWIM-type, Malate synthase-like,,
252,VIT_18s0001g07360,613,0.2989,,,,,,ER6 protein universal stress protein (USP) family,,,USPER6,vv30008Ethylene_signaling,
253,VIT_15s0046g01080,611,0.2980,,Vitvi15g01000,,,,Glycosyl hydrolase family 18,,,,,
254,VIT_11s0016g03830,610,0.2967,,Vitvi11g00328,,,,Protein kinase,,,,,
255,VIT_13s0019g01660,599,0.2931,,Vitvi13g01569,,,,Dehydration-induced protein (ERD15),,,ERD15,vv30001ABA_signaling,
256,VIT_13s0106g00550,599,0.2913,ST4,Vitvi13g00864,Flavonol ST,Flavonol ST,Flavonoid Pathway (Flavonols),flavonol sulphotransferase,,Enzyme,,vv10941Flavonoid_biosynthesis,
257,VIT_05s0049g01070,593,0.2896,,Vitvi05g01959,,,,Glutathione S-transferase 19 GSTU1,,,E2_5_1_18_GSTU1,vv10480Glutathione_metabolism,
258,VIT_00s0230g00020,589,0.2892,,Vitvi16g02155,,,,No hit,,,,,
259,VIT_01s0182g00030,593,0.2883,,Vitvi01g01056,,,,Emp24/gp25L/p24 family protein,,,EMP24,vv50110Protein_coat,
260,VIT_14s0068g00210,588,0.2854,MDR16,Vitvi14g02934,ABC-transporter,DMR/ABCB,ABC-transporter,ATP-binding cassette (ABC),ABCB16,Transporter,,vv52010ABC_transporters,
261,VIT_14s0030g01980,582,0.2835,,Vitvi14g02659,,,,Auxin-induced protein PCNT115,,,AUXREG,vv30003Auxin_signaling,
262,VIT_01s0010g01160,577,0.2815,,Vitvi01g01372,,,,Zinc finger (DHHC type),,,ZFDHHC_4,vv60079Other_zf-DHHC,
263,VIT_16s0022g00450,576,0.2807,,Vitvi16g00672,,,,Unknown protein,,,,,
264,VIT_08s0056g01300,572,0.2790,,Vitvi08g00117,,,,Cupin, RmlC-type,,,,
265,VIT_19s0027g00330,571,0.2776,,Vitvi19g02253,,,,No hit,,,,,
266,VIT_09s0002g01770,569,0.2776,,Vitvi09g00150,,,,N-myristoyl transferase,,,E2_3_1_97,vv10062Fatty_acid_elongation_in_mitochondria,
267,VIT_09s0002g01750,564,0.2757,,Vitvi09g01521,,,,Unknown protein,,,,,
268,VIT_12s0055g00280,566,0.2754,UGT-like16,Vitvi12g01687,UGT,Putative GT,Unclassified (Unknown Pathway),,,Enzyme,,,
269,VIT_04s0008g05550,566,0.2746,,Vitvi04g00491,,,,SHR5-receptor-like kinase,,,,,
270,VIT_09s0002g05290,563,0.2745,,Vitvi09g00450,,,,2-oxoglutarate-dependent dioxygenase,,,,,
271,VIT_11s0016g05370,555,0.2693,,Vitvi11g00471,,,,Phospholipase D alpha 1 precursor (PLD 1) (Choline phosphatase 1),,,PLDA1,vv10564Glycerophospholipid_metabolism,vv10565Ether_lipid_metabolism
272,VIT_07s0191g00110,553,0.2690,,Vitvi07g01495,,,,Unknown protein,,,,,
273,VIT_18s0001g04140,550,0.2679,,Vitvi18g00334,,,,Vacuolar protein sorting 9 (VPS9),,,VPS9A,vv50110Protein_coat,
274,VIT_14s0066g01540,548,0.2671,,Vitvi14g01795,,,,Serine/threonine kinase SYMRK,,,,,
275,VIT_18s0041g02430<br>VIT_18s0041g02410,546,0.2662
276,VIT_04s0008g03480,548,0.2660,,Vitvi04g01843,,,,Beta-carotene 15,15'-monooxygenase,,,E1_14_99_36,vv10906Carotenoid_biosynthesis
277,VIT_03s0038g00500<br>VIT_03s0038g00550,539,0.2632
278,VIT_19s0014g02340,541,0.2624,,Vitvi19g00199,,,,Protein phosphatase 2C,,,E3_1_3_16,,
279,VIT_13s0019g01850,532,0.2599,,Vitvi13g02435,,,,Transposon protein, putative, CACTA,,,
280,VIT_14s0036g00990,529,0.2582,,Vitvi14g00668,,,,Polyubiquitin (UBQ4),,,,,
281,VIT_08s0040g03380,526,0.2573,,Vitvi08g01167,,,,Major Facilitator Superfamily,,,MFS,vv50121Porters_cat_1_to_6,
282,VIT_04s0023g01070,528,0.2571,,Vitvi04g01214,,,,Nod-factor receptor NFR5a,,,,,
283,VIT_10s0003g01410,528,0.2571,,Vitvi10g00599,,,,CBL-interacting protein kinase 20 (CIPK20),,,CIPK20,,
284,VIT_07s0031g03150,523,0.2556,,Vitvi07g01998,,,,S-glutathione dehydrogenase/class III alcohol dehydrogenase,,,E1_1_1_284,vv10680Methane_metabolism,
285,VIT_08s0007g00760,526,0.2555,,Vitvi08g01237,,,,Thaumatin,,,,,
286,VIT_11s0016g01890,526,0.2553,,Vitvi11g00149,,,,Telomere repeat binding factor 1,,,TRB1_4,vv60045MYBrelated,
287,VIT_13s0067g00780,525,0.2550,,Vitvi13g00041,,,,R protein  PRF  disease resistance protein,,,K13453,vv34627R_proteins_from_Plant-pathogen_interaction,
288,VIT_08s0040g01370,516,0.2516,,Vitvi08g00992,,,,Heavy-metal-associated domain-containing protein,,,,,
289,VIT_04s0210g00090<br>VIT_04s0210g00080<br>VIT_04s0210g00120,518,0.2498
290,VIT_01s0137g00230,508,0.2461,,Vitvi01g00591,,,,Regulator of chromosome condensation (RCC1),,,RCC1,vv50112Nuclear_pore_complex,
291,VIT_08s0007g03610,497,0.2428,,Vitvi08g01483,,,,Monodehydroascorbate reductase,,,E1_6_5_4,vv10053Ascorbate_and_aldarate_metabolism,
292,VIT_07s0129g00830,484,0.2362,,Vitvi07g01661,,,,CYP81D2,,,,,
293,VIT_14s0060g01680,482,0.2344,,Vitvi14g00137,,,,TPR3 (topless-related 3),,,TPR3,vv30003Auxin_signaling,
294,VIT_02s0025g05080,479,0.2330,,Vitvi02g00463,,,,Zf A20 and AN1 domain-containing stress-associated protein 1,,,SAP1_3,vv60077Other_zf-AN1,
295,VIT_05s0094g00170,480,0.2321,,Vitvi05g02241,,,,Protein transport protein Sec61 subunit beta,,,K09481,vv23060Protein_export,vv24141Protein_processing_in_endoplasmic_reticulum
296,VIT_03s0110g00310,477,0.2319,CAD20,Vitvi03g00950,CAD,CAD,Lignin Pathway,Cinnamyl Alcohol Dehydrogenase,,Enzyme,1.1.1.195,vv10940Phenylpropanoid_biosynthesis,
297,VIT_10s0003g03880,473,0.2311,,Vitvi10g00837,,,,F-box domain containing protein,,,,,
298,VIT_15s0045g00240,468,0.2284,,Vitvi15g01337,,,,Auxilin,,,,,
299,VIT_06s0080g00410,467,0.2283,,Vitvi06g01487,,,,ferredoxin,,,K02639,vv10195Photosynthesis,
300,VIT_02s0025g00130,462,0.2266,,Vitvi02g00012,,,,Hydroxyproline-rich glycoprotein,,,HRGP,vv40006Cell_wall,
301,VIT_07s0289g00050,464,0.2260,,Vitvi07g02447,,,,UDP-glucose:salicylic acid glucosyltransferase,,,E2_4_1_35,vv10500Starch_and_sucrose_metabolism,
302,VIT_14s0081g00670,457,0.2234,,Vitvi14g00555,,,,DNA-binding protein,,,,,
303,VIT_07s0129g00710,457,0.2225,CYP81E1.3,Vitvi07g01650,CYP450,CYP450,Unclassified (Unknown Pathway),cytochrome p450,,Enzyme,,vv10943Isoflavonoid_biosynthesis,
304,VIT_17s0000g04510,457,0.2218,,Vitvi17g00409,,,,Acetyl-CoA synthetase,,,E6_2_1_1,vv10010Glycolysis,vv10620Pyruvate_metabolism
305,VIT_00s0174g00160,455,0.2206,,Vitvi07g01202,,,,Unknown protein,,,,,
306,VIT_16s0022g02140,450,0.2194,,,,,,CYP704A2,,,,,
307,VIT_10s0003g02480,448,0.2191,,Vitvi10g00698,,,,Xyloglucan endotransglycosylase/hydrolase precursor XTH-21,,,E2_4_1_207,vv40006Cell_wall,
308,VIT_19s0085g00830,447,0.2187,TPS152,Vitvi19g01734,TPS,TPS,Terpene Pathway,terpene synthase,,Enzyme,,vv10904Diterpenoid_biosynthesis,
309,VIT_07s0005g05620,447,0.2184,,Vitvi07g00796,,,,Thioredoxin 4B,,,,,
310,VIT_18s0001g07900,444,0.2168,AGL17a,Vitvi18g00553,MADS_AG,MADS_AG,MADS-box,putative MADS-box Agamous-like 17a,,TF,,vv60042MADS,
311,VIT_00s0371g00100,440,0.2151,,Vitvi07g03081,,,,Mannitol dehydrogenase,,,E1_1_1_67,vv10051Fructose_and_mannose_metabolism,
312,VIT_02s0025g01880,441,0.2148,,Vitvi02g01351,,,,Cellulose synthase CSLG3,,,E2_4_1_12_CSLG3,vv40006Cell_wall,
313,VIT_06s0080g00150,437,0.2123,,Vitvi06g01459,,,,Subtilisin-like proteinase AIR3,,,,,
314,VIT_02s0012g00540,434,0.2114,PrxIII35a ,Vitvi02g00634,Peroxidase,Peroxidase,Unclassified (Unknown Pathway),Peroxidase,"VviPrx20a, VviPrx20b",Enzyme,,vv10360Phenylalanine_metabolism,vv10680Methane_metabolism
315,VIT_01s0011g05100,432,0.2109,,Vitvi01g00438,,,,Bet v I allergen family,,,,,
316,VIT_00s0230g00060,429,0.2090,,Vitvi16g02159,,,,Heat shock protein binding,,,,,
317,VIT_08s0040g00020,429,0.2078,,Vitvi08g00879,,,,Thioredoxin H,,,,,
318,VIT_17s0000g03680,425,0.2072,,Vitvi17g00319,,,,Unknown,,,,,
319,VIT_07s0005g04410,422,0.2060,,Vitvi07g02300,,,,Subtilase,,,,,
320,VIT_18s0001g04700,418,0.2034,,Vitvi18g02556,,,,GP5 ubiquitin-like,,,,,
321,VIT_03s0038g00160,417,0.2031,,Vitvi03g00011,,,,Bromo-adjacenty (BAH) domain-containing protein,,,PHDBAH_2,vv60048PHD,
322,VIT_18s0041g02400,411,0.2008,,Vitvi18g03178,,,,Aldehyde oxidase,,,E1_2_3_7,vv11002Auxin_biosynthesis,
323,VIT_09s0002g06140,409,0.1994,,Vitvi09g01646,,,,RPS5 (resistant to p. syringae 5),,,K13460,vv34627R_proteins_from_Plant-pathogen_interaction,
324,VIT_14s0108g00090,413,0.1992,,Vitvi14g01906,,,,Cupin, RmlC-type,,,,
325,VIT_08s0007g07000,402,0.1967,DIR25,Vitvi08g01777,Dirigent,bd3,Dirigent,Dirigent,,Other,,,
326,VIT_07s0031g01320,401,0.1956,bZIP23,Vitvi07g01807,bZIP,bZIP_J,bZIPs,,,TF,,vv30011Jasmonate_signaling,vv60012BZIP
327,VIT_07s0104g01620,399,0.1952,ZFP46,Vitvi07g00271,C2H2 ZFP_set_A,C2H2 ZFP_set_A,C2H2 ZFP,,,TF,,vv60017C2H2,
328,VIT_00s0591g00010,400,0.1951,,Vitvi02g01751,,,,DNA excision repair protein ERCC-4,,,K10848,vv23420Nucleotide_excision_repair,
329,VIT_13s0019g03090,396,0.1932,,Vitvi13g00471,,,,Heat shock protein class I (HSP17.8-CI),,,K13993,vv24141Protein_processing_in_endoplasmic_reticulum,
330,VIT_18s0001g05220,392,0.1913,,Vitvi18g00378,,,,WD-40 repeat,,,,,
331,VIT_11s0037g00270,388,0.1893,,Vitvi11g01503,,,,Accumulation of photosystem one 2 (APO2),,,,,
332,VIT_18s0041g02470,387,0.1888,,Vitvi18g02180,,,,Disease resistance protein (TIR-NBS-LRR class),,,,,
333,VIT_00s0230g00050,385,0.1883,,Vitvi16g02158,,,,Heat shock protein binding,,,,,
334,VIT_13s0047g00730,381,0.1859,,Vitvi13g02224,,,,R protein MLA10,,,K13475,vv34627R_proteins_from_Plant-pathogen_interaction,
335,VIT_19s0027g01580,378,0.1848,,Vitvi19g01631,,,,Disease resistance protein (NBS-LRR class),,,,,
336,VIT_13s0064g00100,380,0.1845,,Vitvi13g02465,,,,R protein disease resistance protein,,,RPROT,vv34627R_proteins_from_Plant-pathogen_interaction,
337,VIT_13s0067g02560,377,0.1843,,Vitvi13g00155,,,,Unknown protein,,,,,
338,VIT_01s0011g00250,377,0.1835,,Vitvi01g00026,,,,6-phosphogluconolactonase,,,E3_1_1_31,vv10030Pentose_phosphate,
339,VIT_01s0011g04970,374,0.1823,,Vitvi01g00422,,,,SEC12-like protein 2 STL2P,,,K14003,vv24141Protein_processing_in_endoplasmic_reticulum,vv50110Protein_coat
340,VIT_00s1313g00010,368,0.1790,,Vitvi05g02286,,,,Deacetoxyvindoline 4-hydroxylase,,,E1_14_11_20,vv10902Monoterpenoid_biosynthesis,
341,VIT_10s0116g01280,361,0.1765,,Vitvi10g00069,,,,Prefoldin,,,,,
342,VIT_17s0000g10100,362,0.1765,,Vitvi17g01017,,,,Response regulator ARR11 Type-B,,,ARR11_1,vv30007Cytokinin_signaling,vv60006ARR-B
343,VIT_05s0094g00810,361,0.1763,,Vitvi05g01627,,,,Ion channel DMI1, chloroplast precursor,,,DMI1,vv50101Channels_and_pores
344,VIT_18s0001g00610,360,0.1754,,Vitvi18g00148,,,,Rho GTPase activator,,,,,
345,VIT_14s0030g00920,358,0.1748,,Vitvi14g02614,,,,Alcohol dehydrogenase,,,E1_1_1_1,vv10010Glycolysis,vv10071Fatty_acid_metabolism
346,VIT_16s0039g02360,357,0.1737,,Vitvi16g00162,,,,Disease resistance protein (NBS-LRR class),,,,,
347,VIT_03s0038g02410,358,0.1733,,Vitvi03g01400,,,,Unknown,,,,,
348,VIT_03s0038g01530,356,0.1726,,Vitvi03g01374,,,,R protein  PRF  disease resistance protein,,,K13453,vv34627R_proteins_from_Plant-pathogen_interaction,
349,VIT_15s0048g00870,351,0.1700,,Vitvi15g00740,,,,AT-hook protein 1 (AHP1),,,HMGIY_2,vv60035HMG,
350,VIT_14s0068g01500,348,0.1698,,Vitvi14g01500,,,,Glycerophosphoryl diester phosphodiesterase,,,E3_1_4_46,vv10564Glycerophospholipid_metabolism,
351,VIT_18s0157g00050,347,0.1691,,Vitvi18g01557,,,,Carboxypeptidase D,,,E3_4_17_22,,
352,VIT_07s0031g03040,341,0.1668,,,,,,Calmodulin-binding protein,,,,,
353,VIT_00s0230g00030,338,0.1655,,Vitvi16g02156,,,,No hit,,,,,
354,VIT_15s0024g00470,338,0.1652,,Vitvi15g00027,,,,R protein  PRF  disease resistance protein,,,K13453,vv34627R_proteins_from_Plant-pathogen_interaction,
355,VIT_19s0027g01640,336,0.1639,,Vitvi19g01638,,,,Unknown protein,,,,,
356,VIT_00s2191g00010<br>VIT_07s0005g06010<br>VIT_00s2520g00010,332,0.1620
357,VIT_17s0000g00070,333,0.1620,,Vitvi17g01318,,,,Unknown protein,,,,,
358,VIT_12s0028g00960,330,0.1611,PSY2,Vitvi12g00084,PSY,PSY,Carotenoid Pathway (Carotenes),,,Enzyme,,vv10100Biosynthesis_of_steroids,vv10900Terpenoid_biosynthesis
359,VIT_13s0067g02220,330,0.1607,,Vitvi13g00134,,,,Amino acid permease,,,AAPREL,vv50123Porters_cat_18_to_29,
360,VIT_18s0001g08780,328,0.1592,,Vitvi18g00637,,,,BSD domain-containing protein,,,BSDDOM_1,vv60075Other_BSD,
361,VIT_08s0007g07730,326,0.1592,CYP93A1,Vitvi08g01847,CYP450,CYP450,Unclassified (Unknown Pathway),cytochrome p450,,Enzyme,,vv10943Isoflavonoid_biosynthesis,
362,VIT_02s0012g00020,324,0.1587,,Vitvi02g00590,,,,Glycine-rich protein,,,,,
363,VIT_06s0004g01260,322,0.1580,,Vitvi06g00120,,,,U-box protein,,,,,
364,VIT_16s0115g00470<br>VIT_00s0188g00110,324,0.1571
365,VIT_05s0102g00230,320,0.1562,,Vitvi05g01482,,,,Protein farnesyltransferase/geranylgeranyltransferase type I alphasubunit,,,E2_5_1_29,vv10100Biosynthesis_of_steroids,vv10900Terpenoid_biosynthesis
366,VIT_00s0413g00010,320,0.1559,LAC45,Vitvi18g03356,LAC,8,Stilbene Pathway,Laccase,,Enzyme,,vv11000Single_reactions,vv50109Incompletely_characterized_transport_systems
367,VIT_00s0386g00040,319,0.1555,,Vitvi07g03061,,,,Unknown protein,,,,,
368,VIT_19s0014g04250,317,0.1544,,,,,,S-locus protein kinase,,,,,
369,VIT_18s0122g01450,313,0.1527,,Vitvi18g01461,,,,No hit,,,,,
370,VIT_01s0026g00920,309,0.1512,,Vitvi01g00852,,,,Unknown protein,,,,,
371,VIT_08s0056g01710,305,0.1490,,Vitvi08g00153,,,,Cationic amino acid transporter 2,,,CAT2,vv50121Porters_cat_1_to_6,
372,VIT_17s0000g01630,305,0.1487,,Vitvi17g00131,,,,Calmodulin CML37,,,K02183,vv34020Calcium_signaling_pathway,vv34626Plant-pathogen_interaction
373,VIT_01s0137g00200,304,0.1482,,Vitvi01g00588,,,,Unknown protein,,,,,
374,VIT_05s0051g00910,302,0.1477,,Vitvi05g00986,,,,Unknown protein,,,,,
375,VIT_19s0015g01740,305,0.1475,,Vitvi19g00907,,,,Actin-related protein 8,,,ARP8,vv44810Regulation_of_actin_cytoskeleton,
376,VIT_14s0060g01100,298,0.1455,,Vitvi14g00088,,,,Unknown protein,,,,,
377,VIT_03s0063g01310,299,0.1455,,Vitvi03g00432,,,,Oxidoreductase, 2OG-Fe(II) oxygenase family,,,,
378,VIT_05s0020g02710,298,0.1452,,Vitvi05g00429,,,,Slingshot,,,K05766,vv44810Regulation_of_actin_cytoskeleton,
379,VIT_02s0087g00640,298,0.1448,,Vitvi02g01266,,,,Unknown,,,,,
380,VIT_01s0010g01740,295,0.1436,,Vitvi01g01443,,,,Tobamovirus multiplication 1 homolog 3,,,,,
381,VIT_05s0051g00180,293,0.1429,,Vitvi05g00910,,,,Glutathione S-transferase 8 GSTU8,,,E2_5_1_18_GSTU8,vv10480Glutathione_metabolism,
382,VIT_12s0034g02470,294,0.1428,,Vitvi12g02678,,,,Disease resistance protein (CC-NBS-LRR class),,,,,
383,VIT_03s0167g00050,291,0.1422,,Vitvi03g00910,,,,Concanavalin A lectin,,,,,
384,VIT_06s0004g08230,290,0.1413,,Vitvi06g00814,,,,Root phototropism protein 2,,,,,
385,VIT_02s0012g00400,287,0.1402,FLS4,Vitvi02g01473,FLS,FLS,Flavonoid Pathway (Flavonols),flavonol synthase,,Enzyme,,vv10640Propanoate_metabolism,vv30008Ethylene_signaling
386,VIT_06s0061g00490,283,0.1377,,Vitvi06g01324,,,,Unknown protein,,,,,
387,VIT_02s0025g02840,280,0.1373,,Vitvi02g00257,,,,Ankyrin 3, epithelial isoform a,,,K10380,vv50108Accessory_factors_involved_in_transport
388,VIT_00s0270g00030,281,0.1373,,Vitvi04g00790,,,,NC domain-containing protein,,,,,
389,VIT_16s0013g00290,280,0.1359,,Vitvi16g00283,,,,Heat shock protein binding,,,,,
390,VIT_04s0023g03810,277,0.1357,,Vitvi04g02169,,,,Jasmonate O-methyltransferase,,,E2_1_1_141,vv10592alpha-Linolenic_acid_metabolism,
391,VIT_07s0191g00100,276,0.1350,,Vitvi07g01496,,,,Unknown protein,,,,,
392,VIT_14s0060g02380,276,0.1346,,Vitvi14g00191,,,,Autophagy 18 ATG18d,,,ATG18,vv44140Regulation_of_autophagy,
393,VIT_18s0001g14390,271,0.1325,,Vitvi18g01123,,,,Transducin protein,,,,,
394,VIT_13s0019g03000,262,0.1277,,Vitvi13g00451,,,,Heat shock protein 17.6 kDa class I,,,K13993,vv24141Protein_processing_in_endoplasmic_reticulum,
395,VIT_13s0064g01480,261,0.1267,VviLOX13,Vitvi13g01780,,13-LOX,Lipoxygenase Pathway,Lipoxygenase,,Enzyme,,vv10592alpha-Linolenic_acid_metabolism,
396,VIT_13s0084g00090,259,0.1264,,Vitvi13g01395,,,,Nodulin MtN21 family,,,MTN21,vv50122Porters_cat_7_to_17,
397,VIT_05s0051g00230,257,0.1251,,Vitvi05g00913,,,,R protein L6,,,K13477,vv34627R_proteins_from_Plant-pathogen_interaction,
398,VIT_12s0055g00250,252,0.1226,,Vitvi12g01692,,,,UDP-glucose glucosyltransferase,,,E2_4_1_35,vv10500Starch_and_sucrose_metabolism,
399,VIT_12s0028g02360,250,0.1220,WBC16,Vitvi12g00201,ABC-transporter,WBC/ABCG,ABC-transporter,ATP-binding cassette (ABC),ABCG16,Transporter,,vv52010ABC_transporters,
400,VIT_02s0025g02660,248,0.1209,,Vitvi02g00237,,,,Transmembrane receptor,,,,,
401,VIT_03s0063g01140,242,0.1183,,Vitvi03g00445,,,,Map kinase substrate 1 MKS1,,,,,
402,VIT_01s0010g02160,236,0.1153,,Vitvi01g01499,,,,RGS1 (regulator of G-protein SIGNALING 1),,,RGS1,vv11013ABA_biosynthesis,vv30001ABA_signaling
403,VIT_05s0049g01100,236,0.1148,,Vitvi05g01962,,,,Glutathione S-transferase 25 GSTU7,,,E2_5_1_18_GSTU7,vv10480Glutathione_metabolism,
404,VIT_03s0063g00800,236,0.1146,,Vitvi03g01553,,,,Carboxyesterase 12, CXE12,,,E3_1_1_1,
405,VIT_05s0062g01220,234,0.1141,,Vitvi05g01360,,,,Prolyl-4 hydroxylase,,,E1_14_11_2,vv10330Arginine_and_proline_metabolismis,
406,VIT_18s0001g03110,234,0.1137,,Vitvi18g00286,,,,Unknown protein,,,,,
407,VIT_09s0096g00610<br>VIT_18s0001g06510<br>VIT_18s0041g00150<br>VIT_13s0064g00220<br>VIT_14s0036g01010<br>VIT_04s0023g00070<br>VIT_09s0096g00060,229,0.1118
408,VIT_00s0194g00340,227,0.1108,,Vitvi10g00235,,,,No hit,,,,,
409,VIT_16s0050g02620,228,0.1105,,Vitvi16g01226,,,,Abscisic acid receptor PYL8  RCAR3,,,RCAR3,vv30001ABA_signaling,
410,VIT_13s0047g00720,226,0.1101,,Vitvi13g02223,,,,Unknown,,,,,
411,VIT_18s0089g00620,226,0.1098,,Vitvi18g02381,,,,Glycerophosphoryl diester phosphodiesterase,,,E3_1_4_46,vv10564Glycerophospholipid_metabolism,
412,VIT_10s0003g05040,224,0.1088,,Vitvi10g00950,,,,3-hydroxyisobutyrate dehydrogenase,,,E1_1_1_31,vv10280Valine_leucine_and_isoleucine_degradation,
413,VIT_19s0093g00350,222,0.1080,,Vitvi19g02197,,,,Glutathione S-transferase 25 GSTU25,,,E2_5_1_18_GSTU25,vv10480Glutathione_metabolism,
414,VIT_14s0030g00740,219,0.1072,,Vitvi14g00348,,,,ACP2 (Acyl carrier protein 2),,,K02078,vv50134Primary_active_transporter_cat_D1,
415,VIT_04s0023g03260,217,0.1061,,Vitvi04g01444,,,,Cellulase2,,,E3_2_1_4,vv40006Cell_wall,
416,VIT_02s0033g01160,219,0.1058,,Vitvi02g01152,,,,Unknown protein,,,,,
417,VIT_03s0063g01170,216,0.1054,,Vitvi03g00443,,,,Esterase,,,,,
418,VIT_09s0002g07060,216,0.1053,,Vitvi09g00622,,,,Receptor protein kinase PERK1,,,,,
419,VIT_14s0066g01860,215,0.1050,ZFP78,Vitvi14g01822,C2H2 ZFP_set_C,C2H2 ZFP_set_C,C2H2 ZFP,,,TF,,vv60017C2H2,
420,VIT_03s0132g00200,215,0.1048,ALDH6B3,Vitvi03g00895,ALDH,ALDH,Unclassified (Unknown Pathway),Aldehyde dehydrogenase,,Enzyme,,vv10280Valine_leucine_and_isoleucine_degradation,vv10640Propanoate_metabolism
421,VIT_19s0090g00580,212,0.1037,,Vitvi19g02021,,,,Autophagy-related protein 8C precursor ATG8C,,,K08341,vv44140Regulation_of_autophagy,vv50101Channels_and_pores
422,VIT_02s0087g00370,212,0.1035,,Vitvi02g01227,,,,Anthranilate N-hydroxycinnamoyl/benzoyltransferase,,,E2_3_1_144,vv10400Phenylalanine_tyrosine_and_tryptophan_biosynthesis,
423,VIT_14s0006g02340,212,0.1034,,Vitvi14g02862,,,,No hit,,,,,
424,VIT_13s0047g00740,212,0.1029,,Vitvi13g02225,,,,Disease resistance protein (NBS class),,,,,
425,VIT_17s0000g06270,209,0.1025,,Vitvi17g00607,,,,Malate dehydrogenase precursor,,,E1_1_1_37,vv10020Citrate_cycle,vv10620Pyruvate_metabolism
426,VIT_09s0002g06810,210,0.1021,,Vitvi09g00601,,,,Binding,,,,,
427,VIT_04s0044g00970,208,0.1012,,Vitvi04g01654,,,,Unknown protein,,,,,
428,VIT_01s0010g00570,208,0.1009,,,,,,No hit,,,,,
429,VIT_08s0007g05650,204,0.0995,,Vitvi08g02320,,,,Unknown protein,,,,,
430,VIT_13s0019g00410,204,0.0993,,Vitvi13g01956,,,,No hit,,,,,
431,VIT_07s0005g03520,201,0.0990,,Vitvi07g00614,,,,Armadillo/beta-catenin repeat family protein,,,,,
432,VIT_09s0002g05870,201,0.0980,,Vitvi09g00505,,,,RPS5 (resistant to p. syringae 5),,,K13460,vv34627R_proteins_from_Plant-pathogen_interaction,
433,VIT_03s0038g04110,200,0.0974,,Vitvi03g00263,,,,AT-hook DNA-binding protein,,,,,
434,VIT_18s0001g02440,198,0.0968,ALDH3H1,Vitvi18g00255,ALDH,ALDH,Unclassified (Unknown Pathway),Aldehyde dehydrogenase,,Enzyme,,vv10010Glycolysis,vv10071Fatty_acid_metabolism
435,VIT_17s0000g05880,197,0.0959,,Vitvi17g00567,,,,Calcineurin phosphoesterase,,,,,
436,VIT_10s0071g00310,197,0.0958,,Vitvi10g01508,,,,F-box/LRR-repeat protein 2,,,,,
437,VIT_11s0065g01070,196,0.0956,,Vitvi11g00977,,,,Unknown,,,,,
438,VIT_13s0019g03570,193,0.0936,,Vitvi13g00531,,,,Unknown protein,,,,,
439,VIT_07s0104g01350,191,0.0929,,Vitvi07g00251,,,,Integral membrane family protein UPF0497,,,,,
440,VIT_06s0004g01900,191,0.0929,,Vitvi06g00200,,,,Homeodomain-like,,,,,
441,VIT_04s0008g04510,190,0.0925,VvK4.1,Vitvi04g00391,Type IV (silent),,Shaker family ,Potassium channel,,,ATKC1,vv50101Channels_and_pores,
442,VIT_14s0108g01220,188,0.0920,ERF049,Vitvi14g02001,ERF,V,AP2/ERF,Ethylene-responsive transcription factor related to APETALA2 11,,TF,,vv30008Ethylene_signaling,vv60003AP2_EREBP
443,VIT_02s0012g00880,186,0.0909,,Vitvi02g00658,,,,AT-hook DNA-binding protein,,,,,
444,VIT_18s0001g00280,185,0.0907,4CL15,Vitvi18g00124,4CL,4CL,Phenylpropanoid Pathway (Early),4CL (4-Coumarate:CoA Ligase),,Enzyme,6.2.1.12,vv10592alpha-Linolenic_acid_metabolism,vv50104Group_translocators
445,VIT_14s0006g02170,186,0.0904,,Vitvi14g02857,,,,Jasmonate O-methyltransferase,,,E2_1_1_141,vv10592alpha-Linolenic_acid_metabolism,
446,VIT_16s0050g01150,184,0.0897,,Vitvi16g01103,,,,Heat shock protein 90-1,,,K04079,vv24141Protein_processing_in_endoplasmic_reticulum,vv34626Plant-pathogen_interaction
447,VIT_18s0041g02140,184,0.0889,AGL12,Vitvi18g02145,MADS_AG,MADS_AG,MADS-box,putative MADS-box Agamous-like 12,,TF,,vv60042MADS,
448,VIT_09s0002g08240,180,0.0881,,Vitvi09g01716,,,,R protein MLA10,,,K13475,vv34627R_proteins_from_Plant-pathogen_interaction,
449,VIT_18s0001g10780,177,0.0863,,Vitvi18g00813,,,,Unknown protein,,,,,
450,VIT_11s0052g01340,177,0.0860,,Vitvi11g01684,,,,Xyloglucan endo-transglycosylase, C-terminal,,,E2_4_1_207,vv40006Cell_wall
451,VIT_18s0041g00590,175,0.0852,,Vitvi18g01994,,,,Proton-dependent oligopeptide transport (POT) family protein,,,POT,vv50122Porters_cat_7_to_17,
452,VIT_10s0116g01790,175,0.0851,,Vitvi10g00101,,,,Unknown,,,,,
453,VIT_05s0094g00480,174,0.0850,,Vitvi05g01597,,,,Ethylene-responsive protein,,,ER33,vv30008Ethylene_signaling,vv60011BHLH
454,VIT_16s0098g01230,174,0.0849,,Vitvi16g01367,,,,Cytochrome b5,,,,,
455,VIT_15s0048g00600,172,0.0842,,Vitvi15g00713,,,,Vesicle-associated membrane protein,,,VAMPREL,vv50109Incompletely_characterized_transport_systems,
456,VIT_13s0067g02180,170,0.0824,,Vitvi13g02253,,,,CTV.12,,,,,
457,VIT_18s0001g01380,168,0.0819,,Vitvi18g01501,,,,Oxidoreductase N-terminal domain-containing,,,,,
458,VIT_18s0041g02080,166,0.0805,,Vitvi18g03162,,,,12-oxophytodienoate reductase 2,,,E1_3_1_42,vv10592alpha-Linolenic_acid_metabolism,
459,VIT_10s0003g04880,164,0.0800,,Vitvi10g00934,,,,Ferredoxin:nadp+ Oxidoreductase PETH,,,K02641,vv10195Photosynthesis,vv50135Primary_active_transporter_cat_D3_to_E2
460,VIT_03s0038g01380,159,0.0778,,Vitvi03g00080,,,,Calcium-binding EF hand,,,,,
461,VIT_17s0000g03860,160,0.0777,,Vitvi17g00334,,,,Kin17 DNA-binding protein,,,,,
462,VIT_00s0337g00080,159,0.0772,,Vitvi07g02955,,,,Unknown protein,,,,,
463,VIT_19s0085g01050,159,0.0769,,Vitvi19g01760,,,,Heat shock protein 17.6 kDa class I,,,K13993,vv24141Protein_processing_in_endoplasmic_reticulum,
464,VIT_15s0048g00740,157,0.0767,,Vitvi15g00727,,,,No hit,,,,,
465,VIT_18s0041g02270,155,0.0758,,,,,,12-oxophytodienoate reductase 2,,,E1_3_1_42,vv10592alpha-Linolenic_acid_metabolism,
466,VIT_08s0032g00380,153,0.0743,,Vitvi08g00182,,,,Myosin-like protein XIC,,,MYOSINXIC,vv44810Regulation_of_actin_cytoskeleton,
467,VIT_15s0048g00710,140,0.0681,,Vitvi15g00725,,,,Zinc finger (DHHC type),,,ZFDHHC_6,vv60079Other_zf-DHHC,
468,VIT_18s0001g11150,138,0.0674,,Vitvi18g00840,,,,Acyl-peptide hydrolase,,,E3_4_19_1,,
469,VIT_11s0016g05320,138,0.0673,PrxIII19b,Vitvi11g01442,Peroxidase,Peroxidase,Unclassified (Unknown Pathway),Peroxidase,VviPrx25b,Enzyme,,vv10360Phenylalanine_metabolism,vv10680Methane_metabolism
470,VIT_06s0004g01560,138,0.0672,,Vitvi06g00163,,,,Unknown,,,,,
471,VIT_16s0100g00720,137,0.0665,,Vitvi16g00982,,,,Heat shock transcription factor B2A,,,HSFB2A_1,vv60037HSF,
472,VIT_17s0000g03070,134,0.0653,,Vitvi17g01384,,,,R protein MLA10,,,K13475,vv34627R_proteins_from_Plant-pathogen_interaction,
473,VIT_02s0012g01860,133,0.0647,,Vitvi02g00749,,,,RNA recognition motif (RRM)-containing protein,,,,,
474,VIT_16s0013g00210,130,0.0630,,Vitvi16g00275,,,,Metacaspase 1,,,,,
475,VIT_08s0032g00310,129,0.0629,,Vitvi08g00176,,,,Ubiquitin-conjugating enzyme E2 A,,,K10573,vv24120Ubiquitin_mediated_proteolysis,
476,VIT_05s0049g00430,129,0.0627,,Vitvi05g00707,,,,1-aminocyclopropane-1-carboxylate oxidase homolog 1,,,E1_14_17_4,vv10640Propanoate_metabolism,vv30008Ethylene_signaling
477,VIT_04s0008g02710,128,0.0624,NAC65,Vitvi04g00236,NAC,NAC,NACs,,,TF,,vv60046NAC,
478,VIT_12s0055g00630,127,0.0623,,Vitvi12g02573,,,,Serine/theronine protein kinase 2,,,,,
479,VIT_05s0049g00330,127,0.0622,,Vitvi05g01926,,,,E8 protein,,,E8,vv30008Ethylene_signaling,
480,VIT_04s0008g04790,127,0.0616,PDR29,Vitvi04g00421,ABC-transporter,PDR/ABCG,ABC-transporter,ATP-binding cassette (ABC),ABCG59,Transporter,,vv52010ABC_transporters,
481,VIT_09s0002g06780,125,0.0609,,Vitvi09g00597,,,,Unknown protein,,,,,
482,VIT_11s0016g01830,124,0.0606,,Vitvi11g00142,,,,Protein kinase,,,,,
483,VIT_16s0039g01560,124,0.0605,,Vitvi16g00083,,,,PLATZ transcription factor,,,PLATZFAM_8,vv60049PLATZ,
484,VIT_16s0022g00510,123,0.0603,,Vitvi16g00681,,,,Heat shock 22 kDa protein,,,,,
485,VIT_06s0004g00710,123,0.0602,,Vitvi06g00073,,,,Pre-mRNA splicing factor cwc22,,,,,
486,VIT_10s0003g02670,123,0.0601,,Vitvi10g00714,,,,AML5 (arabidopsis mei2-like protein 5),,,AML5,vv44110Cell_cycle,
487,VIT_06s0009g03670,123,0.0600,,Vitvi06g01255,,,,F-box family protein,,,,,
488,VIT_03s0038g00620,120,0.0586,,Vitvi03g00043,,,,Zinc knuckle,,,ZFC2HC,,
489,VIT_01s0010g02750,118,0.0576,VviLOX6,Vitvi01g01562,,13-LOX,Lipoxygenase Pathway,Lipoxygenase,,Enzyme,,vv10592alpha-Linolenic_acid_metabolism,
490,VIT_00s0301g00180,118,0.0574,,Vitvi10g01757,,,,NADPH quinone oxidoreductase,,,E1_6_5_5,vv10740Riboflavin_metabolism,
491,VIT_14s0068g02040,117,0.0574,,Vitvi14g01546,,,,Gda-1,,,,,
492,VIT_11s0118g00470,116,0.0565,,,,,,TIP growth defective 1,,,TIP1GD,vv50108Accessory_factors_involved_in_transport,
493,VIT_13s0019g03160,114,0.0559,,Vitvi13g00490,,,,Heat shock protein 17.6 kDa class I,,,K13993,vv24141Protein_processing_in_endoplasmic_reticulum,
494,VIT_05s0049g01080,114,0.0553,,Vitvi05g01960,,,,Glutathione S-transferase 25 GSTU7,,,E2_5_1_18_GSTU7,vv10480Glutathione_metabolism,
495,VIT_05s0049g00340,113,0.0551,,Vitvi05g01927,,,,Deacetoxyvindoline 4-hydroxylase,,,E1_14_11_20,vv10902Monoterpenoid_biosynthesis,
496,VIT_05s0102g00650,113,0.0550,,Vitvi05g01511,,,,Peptidyl-prolyl isomerase E (cyclophilin E),,,K09564,vv23040Spliceosome,
497,VIT_10s0003g00860,111,0.0539,,Vitvi10g00539,,,,Calmodulin-binding region IQD9,,,,,
498,VIT_03s0063g00850,110,0.0537,,Vitvi03g00476,,,,RNA-binding protein 47B (ATRBP47B),,,,,
499,VIT_00s0227g00170,109,0.0530,,Vitvi07g01214,,,,Syntaxin 52,,,K08503,vv24130SNARE_interactions_in_vesicular_transport,
500,VIT_00s0769g00010,108,0.0527,FKBP62,Vitvi00g00922,FK506-binding proteins,FK506-binding proteins,FK506-binding proteins,FK506-binding proteins,,Receptor,,,
501,VIT_13s0019g02630,106,0.0516,,Vitvi13g00384,,,,Photosystem II PsbA,,,K02703,vv10195Photosynthesis,vv50135Primary_active_transporter_cat_D3_to_E2
502,VIT_02s0012g02570,105,0.0510,,Vitvi02g00836,,,,Guanine nucleotide-binding protein alpha-1 subunit,,,,,
503,VIT_18s0001g08470,104,0.0506,MYB152,Vitvi18g00605,R2R3-MYBs,MYB_S14,MYBs,,,TF,,vv60044MYB,
504,VIT_04s0044g00280,102,0.0495,,Vitvi04g01591,,,,Transcription elongation factor,,,,,
505,VIT_14s0171g00090,102,0.0495,,Vitvi14g02984,,,,Uracil phosphoribosyltransferase.,,,E2_4_2_9,vv10240Pyrimidine_metabolism,
506,VIT_02s0025g04250,101,0.0493,,Vitvi02g00393,,,,Osmotin,,,,,
507,VIT_14s0128g00680,101,0.0491,,Vitvi14g02543,,,,Germin,,,,,
508,VIT_10s0116g01260,100,0.0485,,Vitvi10g00066,,,,Prefoldin,,,,,
509,VIT_05s0102g00490,98,0.0477,,Vitvi05g01503,,,,No hit,,,,,
510,VIT_15s0045g00330,98,0.0475,,Vitvi15g00291,,,,Ring-H2 finger protein ATL3A,,,,,
511,VIT_06s0004g04510,97,0.0472,,Vitvi06g01693,,,,Heat shock protein 70,,,K03283,vv23040Spliceosome,vv24141Protein_processing_in_endoplasmic_reticulum
512,VIT_17s0000g01050,93,0.0456,,Vitvi17g00084,,,,Corticosteroid 11-beta-dehydrogenase isozyme 1,,,E1_1_1_146,vv10140C21-Steroid_hormone_metabolism,
513,VIT_08s0058g00310,94,0.0456,GRASV3c,Vitvi08g01969,GRAS,GRASV3,GRAS,GRAS proteins,,TF,,vv60032GRAS,
514,VIT_11s0016g00690,93,0.0453,,Vitvi11g00048,,,,Senescence-associated protein,,,,,
515,VIT_19s0015g02700,90,0.0438,,Vitvi19g02150,,,,Glutathione S-transferase 25 GSTU25,,,E2_5_1_18_GSTU25,vv10480Glutathione_metabolism,
516,VIT_02s0025g01780,90,0.0436,,Vitvi02g01344,,,,Cellulose synthase CSLG3,,,E2_4_1_12_CSLG3,vv40006Cell_wall,
517,VIT_11s0052g00270,89,0.0434,,Vitvi11g01637,,,,R protein MLA10,,,K13475,vv34627R_proteins_from_Plant-pathogen_interaction,
518,VIT_01s0026g02370<br>VIT_01s0026g02390,88,0.0427
519,VIT_16s0050g02410,85,0.0415,,Vitvi16g01202,,,,Ubiquitin-conjugating enzyme E2 D/E,,,K06689,vv24120Ubiquitin_mediated_proteolysis,vv24141Protein_processing_in_endoplasmic_reticulum
520,VIT_15s0046g01570,82,0.0399,,Vitvi15g01035,,,,Acidic endochitinase (CHIB1),,,E3_2_1_14,vv10530Aminosugars_metabolism,
521,VIT_19s0015g02890,82,0.0399,,Vitvi19g02161,,,,Glutathione S-transferase 25 GSTU25,,,E2_5_1_18_GSTU25,vv10480Glutathione_metabolism,
522,VIT_04s0008g06480,81,0.0394,,Vitvi04g00581,,,,Alpha-1,3-galactosyltransferase,,,E2_4_1_87,vv10602Glycosphingolipid_biosynthesis
523,VIT_18s0001g01590,81,0.0393,,Vitvi18g00212,,,,BTB/POZ domain-containing protein,,,BTBDOM_1,vv60093TRAF,
524,VIT_13s0047g00260,79,0.0384,,Vitvi13g01130,,,,Calcium/calmodulin-dependent protein kinase (CaM kinase) II,,,K04515,vv34020Calcium_signaling_pathway,
525,VIT_19s0014g02640,78,0.0380,,,,,,PPI1 (proton pump interactor 1),,,,,
526,VIT_19s0015g01890,77,0.0378,,Vitvi19g00928,,,,BRL3 (BRI1-like 3),,,BRL3,vv30005Brassinosteroids_signaling,
527,VIT_09s0002g05850,75,0.0368,,Vitvi09g01642,,,,Disease resistance protein (NBS-LRR class),,,,,
528,VIT_05s0094g00210,75,0.0365,,Vitvi05g02244,,,,No hit,,,,,
529,VIT_08s0105g00340,75,0.0365,,Vitvi08g00645,,,,NLI interacting factor (NIF),,,NIF,vv50132Primary_active_transporter_cat_A5_to_A8,
530,VIT_09s0002g04860,75,0.0364,,Vitvi09g00404,,,,GTPase activating protein,,,,,
531,VIT_15s0021g01060,74,0.0362,,Vitvi15g00522,,,,CYP72A1,,,K13400,vv10902Monoterpenoid_biosynthesis,
532,VIT_00s0188g00200,74,0.0360,,Vitvi10g01995,,,,No hit,,,,,
533,VIT_18s0001g15580,73,0.0357,,Vitvi18g01242,,,,Glycogenin glucosyltransferase (glycogenin),,,E2_4_1_186,vv10500Starch_and_sucrose_metabolism,
534,VIT_18s0041g01340,73,0.0356,,Vitvi18g03133,,,,R protein L6,,,K13477,vv34627R_proteins_from_Plant-pathogen_interaction,
535,VIT_13s0064g00770,72,0.0352,,Vitvi13g02495,,,,No hit,,,,,
536,VIT_12s0034g01100,72,0.0350,,Vitvi12g01809,,,,Mucin-related,,,K06568,,
537,VIT_14s0171g00080,72,0.0350,,Vitvi14g02421,,,,Hcr2-0B,,,,,
538,VIT_04s0044g01370,71,0.0347,PAT7,Vitvi04g01696,PAT,PAT,GRAS,GRAS proteins,,TF,,vv60032GRAS,
539,VIT_09s0002g05000,71,0.0345,,Vitvi09g00416,,,,R protein disease resistance protein,,,RPROT,vv34627R_proteins_from_Plant-pathogen_interaction,
540,VIT_03s0038g00340,70,0.0343,,Vitvi03g00026,,,,Salt tolerance homolog2,,,STH2,vv60073Orphans_zf-b_box,
541,VIT_14s0006g02080,70,0.0342,,Vitvi14g01035,,,,S locus-linked protein SLL2,,,,,
542,VIT_17s0000g08260,70,0.0341,,Vitvi17g00807,,,,Kinesin light chain,,,K10407,vv44810Regulation_of_actin_cytoskeleton,
543,VIT_09s0070g00330,70,0.0341,,Vitvi09g01806,,,,CC-NBS-LRR class,,,,,
544,VIT_07s0031g02030,70,0.0339,,Vitvi07g01878,,,,Polypyrimidine tract-binding protein 3,,,,,
545,VIT_19s0090g00230,69,0.0339,,Vitvi19g00483,,,,Calcineurin phosphoesterase,,,,,
546,VIT_05s0051g00320,69,0.0337,,,,,,Glutathione S-transferase GSTU5,,,E2_5_1_18_GSTU5,vv10480Glutathione_metabolism,
547,VIT_00s0615g00020<br>VIT_00s0218g00010,69,0.0336
548,VIT_07s0151g00260,68,0.0330,,,,,,Quinone-oxidoreductase, Chloroplast,,,K03956,vv10190Oxidative_phosphorylation
549,VIT_18s0001g00260,68,0.0330,MCO-Like17,Vitvi18g01452,Multicopper Oxidase Like,Multicopper Oxidase Like,Unclassified (Unknown Pathway),Multicopper Oxidase Like,,Enzyme,,vv11000Single_reactions,vv50109Incompletely_characterized_transport_systems
550,VIT_04s0008g05920,67,0.0328,,Vitvi04g00526,,,,Golgi SNARE 11 protein,,,K08495,vv24130SNARE_interactions_in_vesicular_transport,
551,VIT_06s0061g01440,67,0.0327,,Vitvi06g01418,,,,Unknown protein,,,,,
552,VIT_09s0002g00390,67,0.0326,,Vitvi09g00027,,,,Translation initiation factor eIF-2B alpha subunit,,,K03239,vv23013RNA_transport,
553,VIT_07s0005g00710,66,0.0321,,Vitvi07g00348,,,,Ring-H2 subgroup RHE protein,,,,,
554,VIT_00s2623g00010,66,0.0321,,Vitvi07g03172,,,,Nuclear transport factor 2 (NTF2),,,NTF2,vv50133Primary_active_transporter_cat_A9_to_A18,
555,VIT_04s0043g00860,66,0.0321,,Vitvi04g01047,,,,Unknown protein,,,,,
556,VIT_02s0025g05050,64,0.0313,,Vitvi02g00461,,,,Zf A20 and AN1 domain-containing stress-associated protein 1,,,SAP1_1,vv60077Other_zf-AN1,
557,VIT_19s0015g01000,64,0.0313,,Vitvi19g00728,,,,Zinc finger (C3HC4-type ring finger),,,ZFC3HC4_216,vv60078Other_zf-C3HC4,
558,VIT_00s0218g00130,64,0.0310,,Vitvi07g02563,,,,Anthocyanidine rhamnosyl-transferase,,,RHATR,vv10942Anthocyanin_biosynthesis,
559,VIT_04s0210g00040,63,0.0307,,Vitvi04g01549,,,,Strictosidine synthase,,,E4_3_3_2,vv10900Terpenoid_biosynthesis,vv10902Monoterpenoid_biosynthesis
560,VIT_11s0016g02150,63,0.0307,,,,,,Protein kinase CDG1,,,,,
561,VIT_11s0103g00100,62,0.0304,,Vitvi11g01604,,,,Photosystem II protein D2,,,K02706,vv10195Photosynthesis,vv50135Primary_active_transporter_cat_D3_to_E2
562,VIT_08s0007g06160,62,0.0303,bZIP28,Vitvi08g01710,bZIP,bZIP_J,bZIPs,,,TF,,vv60012BZIP,
563,VIT_16s0050g00710,62,0.0301,,Vitvi16g01904,,,,Unknown protein,,,,,
564,VIT_07s0141g00300<br>VIT_07s0289g00040,61,0.0297
565,VIT_00s0225g00110,61,0.0297,,Vitvi01g00660,,,,Sel1 domain protein repeat-containing protein,,,,,
566,VIT_14s0006g03040,60,0.0294,,Vitvi14g01208,,,,DNA repair protein RAD23,,,K10839,vv23420Nucleotide_excision_repair,vv24141Protein_processing_in_endoplasmic_reticulum
567,VIT_02s0025g05110,60,0.0293,,Vitvi02g00466,,,,MATE efflux family protein,,,MATE,vv50125Porters_cat_66_to_94,
568,VIT_09s0002g05050,60,0.0292,,Vitvi09g00419,,,,RPS5 (resistant to p. syringae 5),,,K13460,vv34627R_proteins_from_Plant-pathogen_interaction,
569,VIT_06s0004g06030,60,0.0291,,Vitvi06g00584,,,,Calcium/calmodulin-regulated receptor kinase,,,,,
570,VIT_13s0064g01820,58,0.0282,,Vitvi13g02544,,,,AP2-associated kinase,,,,,
571,VIT_00s0216g00030,57,0.0277,,Vitvi07g01114,,,,Nuclear transport factor 2 (NTF2),,,NTF2,vv50133Primary_active_transporter_cat_A9_to_A18,
572,VIT_15s0046g01320,56,0.0273,,Vitvi15g01628,,,,Kinase,,,,,
573,VIT_10s0003g03120,55,0.0269,,Vitvi10g00757,,,,Urease accessory protein G,,,K03189,,
574,VIT_06s0004g03840,54,0.0264,,Vitvi06g01673,,,,Chitinase 2,,,E3_2_1_14,vv10530Aminosugars_metabolism,
575,VIT_14s0219g00020,52,0.0254,,Vitvi14g01610,,,,Esterase,,,,,
576,VIT_13s0019g00710,52,0.0254,,Vitvi13g01963,,,,Carnitine racemase,,,,,
577,VIT_17s0000g04920,52,0.0253,,Vitvi17g00458,,,,Histidine kinase (AHK3),,,AHK3,vv30007Cytokinin_signaling,
578,VIT_14s0171g00370,51,0.0249,,Vitvi14g01593,,,,Thymidylate kinase,,,E2_7_4_9,vv10240Pyrimidine_metabolism,
579,VIT_18s0001g06910,50,0.0243,,Vitvi18g00480,,,,Purine permease 1 PUP1,,,PUP1,vv10908Zeatin_biosynthesis,vv50122Porters_cat_7_to_17
580,VIT_19s0090g00420,49,0.0239,,Vitvi19g00498,,,,Translation initiation factor eIF-1,,,K03113,vv23013RNA_transport,
581,VIT_03s0063g00700,49,0.0238,,Vitvi03g01561,,,,CXE carboxylesterase,,,E3_1_1_1,,
582,VIT_09s0002g07130,48,0.0236,,Vitvi09g00630,,,,CUE domain containing protein,,,,,
583,VIT_18s0072g00240,47,0.0231,,Vitvi18g01614,,,,Zinc finger (DHHC type),,,ZFDHHC_3,vv60079Other_zf-DHHC,
584,VIT_02s0025g03630,47,0.0230,,Vitvi02g00337,,,,Cu2+-exporting ATPase HMA5 (heavy metal ATPase 5),,,K01533_HMA5,vv50131Primary_active_transporter_cat_A2_to_A4,
585,VIT_11s0016g02250,47,0.0229,,Vitvi11g00183,,,,Unknown protein,,,,,
586,VIT_13s0019g03450,46,0.0225,,Vitvi13g00521,,,,Unknown protein,,,,,
587,VIT_15s0021g01560,46,0.0224,,Vitvi15g00564,,,,Leucine carboxyl methyltransferase family protein,,,K00599,vv10340Histidine_metabolism,vv10350Tyrosine_metabolism
588,VIT_17s0000g03240,46,0.0224,,Vitvi17g00279,,,,Inositol polyphosphate multikinase,,,E2_7_1_151,vv10562Inositol_phosphate_metabolism,
589,VIT_02s0012g01330,43,0.0210,,Vitvi02g00699,,,,ARF GTPase activator, ARF-GAP Domain 9,,,AGD9,vv50110Protein_coat
590,VIT_07s0129g00480,40,0.0196,,Vitvi07g01626,,,,Molecular chaperone DnaJ,,,K03686,vv50132Primary_active_transporter_cat_A5_to_A8,
591,VIT_04s0023g02620,40,0.0194,,Vitvi04g02133,,,,Ubiquitin-conjugating enzyme E2 W,,,K10688,vv24120Ubiquitin_mediated_proteolysis,
592,VIT_00s0414g00020,39,0.0190,,Vitvi10g02283,,,,Cellulose synthase CSLE1,,,E2_4_1_12_CSLE1,vv40006Cell_wall,
593,VIT_06s0061g01430,38,0.0185,FRT1,Vitvi06g01417,FRT,FRT,Flavonoid Pathway (Proanthocyanins and Anthocyanins),flavonoid 1-2 rhamnosyltransferase,,Enzyme,,vv10941Flavonoid_biosynthesis,
594,VIT_09s0070g00600,38,0.0185,,Vitvi09g01814,,,,Peroxisomal biogenesis factor 11 (PEX11),,,,,
595,VIT_13s0019g00420,38,0.0185,,Vitvi13g00258,,,,F-box family protein,,,,,
596,VIT_15s0024g00980,37,0.0181,,Vitvi15g01247,,,,Amidase,,,E3_5_1_4,vv10220Urea_cycle_and_metabolism_of_amino_groups,vv10360Phenylalanine_metabolism
597,VIT_04s0210g00030,37,0.0180,,Vitvi04g02190,,,,Strictosidine synthase,,,E4_3_3_2,vv10900Terpenoid_biosynthesis,vv10902Monoterpenoid_biosynthesis
598,VIT_09s0018g02070,37,0.0179,,Vitvi09g01921,,,,No hit,,,,,
599,VIT_18s0001g09610,35,0.0169,,Vitvi18g00713,,,,HOS15 (High expression of osmotically responsive genes 15),,,,,
600,VIT_00s0346g00080,34,0.0164,SAD1,Vitvi07g02553,SAD,SAD,Lignin Pathway,Sinapyl Alcohol Dehydrogenase,,Enzyme,,vv10940Phenylpropanoid_biosynthesis,
601,VIT_05s0020g03040,33,0.0161,,Vitvi05g00460,,,,Unknown,,,,,
602,VIT_09s0018g01600,32,0.0156,,Vitvi09g01262,,,,Nudix hydrolase 3 (AtNUDT3),,,,,
603,VIT_10s0092g00230,32,0.0156,,Vitvi10g01122,,,,Lesion simulating disease,,,LSD,,
604,VIT_17s0000g09760,32,0.0156,MDR2,Vitvi17g00972,ABC-transporter,DMR/ABCB,ABC-transporter,ATP-binding cassette (ABC),ABCB2,Transporter,,vv52010ABC_transporters,
605,VIT_14s0060g00360,32,0.0155,,Vitvi14g00033,,,,Isopenicillin N epimerase,,,E5_1_1_17,vv10311Penicillin_and_cephalosporin_biosynthesis,
606,VIT_19s0177g00150,31,0.0152,,Vitvi19g01998,,,,Unknown protein,,,,,
607,VIT_18s0122g00960,31,0.0151,,Vitvi18g00068,,,,Glyceraldehyde-3-phosphate dehydrogenase B, chloroplast precursor,,,E1_2_1_12,vv10010Glycolysis
608,VIT_03s0038g02460,31,0.0151,,Vitvi03g00150,,,,CDP-diacylglycerol--inositol 3-phosphatidyltransferase 1,,,E2_7_8_11,vv10564Glycerophospholipid_metabolism,vv34070Phosphatidylinositol_signaling_system
609,VIT_08s0007g04540,31,0.0151,,Vitvi08g01575,,,,Oxidoreductase, 2OG-Fe(II) oxygenase,,,,
610,VIT_00s0270g00110,30,0.0146,,,,,,No hit,,,,,
611,VIT_00s0259g00070,30,0.0146,,Vitvi10g00241,,,,Proline-rich family protein,,,,,
612,VIT_15s0048g02650,30,0.0145,,Vitvi15g00888,,,,Unknown protein,,,,,
613,VIT_19s0014g00600,29,0.0141,,Vitvi19g00049,,,,BED finger-nbs-lrr resistance protein (Populus trichocarpa),,,,,
614,VIT_12s0034g01680,28,0.0137,,Vitvi12g01860,,,,Disease resistance protein (NBS class),,,,,
615,VIT_12s0057g00210,28,0.0137,,Vitvi12g02469,,,,No hit,,,,,
616,VIT_12s0028g01190,28,0.0136,,Vitvi12g00104,,,,ATPase, BadF/BadG/BcrA/BcrD-type,,,,
617,VIT_05s0102g00870,28,0.0136,,Vitvi05g02203,,,,R protein  PRF  disease resistance protein,,,K13453,vv34627R_proteins_from_Plant-pathogen_interaction,
618,VIT_09s0018g00680,28,0.0136,,Vitvi09g01857,,,,No hit,,,,,
619,VIT_17s0000g05520,27,0.0132,CPK14,Vitvi17g00523,CPK,Signal Transduction,CPK,Calcium dependent protein kinase,,Kinase,,vv34626Plant-pathogen_interaction,
620,VIT_02s0025g03930,27,0.0132,,Vitvi02g00363,,,,Transcription initiation factor TFIIE beta subunit,,,K03137,vv23022Basal_transcription_factors,
621,VIT_08s0040g00320,27,0.0132,,Vitvi08g00897,,,,Alpha-L-arabinofuranosidase,,,E3_2_1_55,vv10520Nucleotide_sugars_metabolism,
622,VIT_16s0100g01230,27,0.0132,,,,,,Unknown protein,,,,,
623,VIT_12s0059g00210,27,0.0131,,Vitvi12g02332,,,,Epoxide hydrolase,,,E3_3_2_10,,
624,VIT_05s0049g02080,26,0.0127,,Vitvi05g00848,,,,Calcium ion binding protein,,,,,
625,VIT_14s0066g02100,26,0.0127,,Vitvi14g03044,,,,AAA-type ATPase,,,,,
626,VIT_15s0045g01170,26,0.0126,,Vitvi15g00360,,,,3-hydroxyisobutyryl-CoA hydrolase,,,E3_1_2_4,vv10280Valine_leucine_and_isoleucine_degradation,vv10410Beta-alanine_metabolism
627,VIT_10s0116g01840,26,0.0126,,Vitvi10g01643,,,,No hit,,,,,
628,VIT_12s0059g01530,25,0.0123,,Vitvi12g02385,,,,Unknown protein,,,,,
629,VIT_00s0264g00030,25,0.0122,,Vitvi04g01535,,,,Aconitate hydratase, cytoplasmic,,,E4_2_1_3,vv10020Citrate_cycle
630,VIT_09s0002g08330,25,0.0122,,Vitvi09g00744,,,,Photosystem I P700 apoprotein A2,,,K02690,vv10195Photosynthesis,vv50105Transport_electron_carriers
631,VIT_18s0122g01260,25,0.0122,,Vitvi18g00091,,,,Protein kinase 1B,,,,,
632,VIT_08s0007g04670,25,0.0122,,Vitvi08g01586,,,,Glutamine synthetase,,,E6_3_1_2,vv10251Glutamate_metabolism,vv10550Peptidoglycan_biosynthesis
633,VIT_11s0065g00970,25,0.0122,,Vitvi11g01575,,,,No hit,,,,,
634,VIT_17s0000g07190,25,0.0121,,Vitvi17g00695,,,,Heat shock protein 101,,,HSP101,vv50109Incompletely_characterized_transport_systems,
635,VIT_00s0285g00040,25,0.0121,,Vitvi10g02355,,,,No hit,,,,,
636,VIT_02s0025g00280,25,0.0121,,Vitvi02g00025,,,,Heat shock protein 90-1,,,K04079,vv24141Protein_processing_in_endoplasmic_reticulum,vv34626Plant-pathogen_interaction
637,VIT_15s0046g01560,24,0.0117,,Vitvi15g01034,,,,Unknown protein,,,,,
638,VIT_00s0309g00050,24,0.0117,EXLB2,Vitvi02g01788,EXP,EXPLB,EXPs,Expansin Like B,,Other,,vv30003Auxin_signaling,
639,VIT_04s0008g04040,23,0.0112,RD22g,Vitvi04g00349,BURP_RD22,BURP_RD22,BURP,response to dehydration 22g,VvBURP10,Other,,,
640,VIT_14s0030g00350,23,0.0112,,Vitvi14g00315,,,,RKF3 (receptor-like kinase IN in flowers 3),,,RKF3,vv60042MADS,
641,VIT_16s0039g01920,23,0.0112,MYB196,Vitvi16g01449,R2R3-MYBs,MYB_ORPHAN,MYBs,,,TF,,vv60044MYB,
642,VIT_13s0147g00200,23,0.0112,,Vitvi13g00922,,,,L-aminoadipate-semialdehyde dehydrogenase-phosphopantetheinyltransferase,,,E1_2_1_31,vv10300Lysine_biosynthesis,
643,VIT_03s0017g00900<br>VIT_05s0102g01010,23,0.0111
644,VIT_13s0067g01460,22,0.0108,,Vitvi13g00086,,,,Avr9/Cf-9 rapidly elicited protein,,,,,
645,VIT_18s0001g00700,22,0.0107,,Vitvi18g00153,,,,Mechanosensitive ion channel,,,MSCSREL,vv50101Channels_and_pores,
646,VIT_19s0014g03950,22,0.0107,,Vitvi19g00321,,,,R protein  PRF  disease resistance protein,,,K13453,vv34627R_proteins_from_Plant-pathogen_interaction,
647,VIT_02s0012g01580,21,0.0102,,Vitvi02g00718,,,,Unknown protein,,,,,
648,VIT_04s0079g00800,20,0.0097,,Vitvi04g00897,,,,DJ-1 protein / protease,,,,,
649,VIT_19s0015g00980,19,0.0093,,Vitvi19g00727,,,,Protein CWC15,,,K12863,vv23040Spliceosome,
650,VIT_18s0001g13010,19,0.0093,,Vitvi18g01004,,,,Mitogen-activated protein kinase 1,,,MPK1,,
651,VIT_13s0019g05100,19,0.0093,,Vitvi13g00686,,,,Amino acid binding protein,,,,,
652,VIT_04s0043g00970,19,0.0093,,Vitvi04g02046,,,,ABC transporter g family pleiotropic drug resistance 12 PDR12,,,ABCGPDR12,vv52010ABC_transporters,
653,VIT_01s0026g02310,19,0.0093,,Vitvi01g00993,,,,SUR2,,,K04713,vv10600Sphingolipid_metabolism,
654,VIT_18s0001g15730,19,0.0093,,Vitvi18g01254,,,,Dof zinc finger protein DOF3.5,,,DOF1_5_2,vv60015C2C2-DOF,
655,VIT_17s0000g05420,19,0.0092,,Vitvi17g01452,,,,AAA-type ATPase family,,,,,
656,VIT_01s0011g03220,18,0.0088,,Vitvi01g00259,,,,Choline transporter,,,CHOLINETR,vv50125Porters_cat_66_to_94,
657,VIT_04s0008g03720,18,0.0088,,Vitvi04g00324,,,,Vacuolar sorting-associated protein (Vps27),,,VPS27,vv50111Tethering_factors,
658,VIT_15s0046g02930,18,0.0088,,Vitvi15g01145,,,,DNA-binding protein,,,,,
659,VIT_04s0008g01100,18,0.0087,,Vitvi04g00091,,,,CYP706A12,,,,,
660,VIT_18s0001g06810,17,0.0083,,Vitvi18g02187,,,,Transcriptional regulator,,,K07735,,
661,VIT_04s0008g02760,17,0.0083,,Vitvi04g00241,,,,Unknown protein,,,,,
662,VIT_16s0098g00780,17,0.0082,,Vitvi16g02058,,,,Auxin-amidohydrolase precursor,,,ILL3,vv11002Auxin_biosynthesis,
663,VIT_19s0085g00260,16,0.0078,,Vitvi19g01681,,,,3-mercaptopyruvate sulfurtransferase.,,,E2_8_1_2,vv10272Cysteine_metabolism,vv24122Sulfur_relay_system
664,VIT_09s0002g05820,16,0.0078,,Vitvi09g01641,,,,Unknown,,,,,
665,VIT_06s0004g04470,16,0.0078,,Vitvi06g00443,,,,Heat shock protein 70,,,K03283,vv23040Spliceosome,vv24141Protein_processing_in_endoplasmic_reticulum
666,VIT_07s0104g00430,16,0.0078,,Vitvi07g02145,,,,Endo-1,3,1,4-beta-D-glucanase precursor,,
667,VIT_05s0077g02210,16,0.0078,,Vitvi05g00015,,,,Calcineurin phosphoesterase,,,,,
668,VIT_01s0026g01770,16,0.0077,,Vitvi01g00943,,,,Ubiquitin-conjugating enzyme E2 A,,,K10573,vv24120Ubiquitin_mediated_proteolysis,
669,VIT_11s0052g00120,16,0.0077,,Vitvi11g01156,,,,Purple acid phosphatase 28- ATPAP28/PAP28,,,E3_1_3_2,vv10740Riboflavin_metabolism,
670,VIT_02s0154g00440,15,0.0073,,Vitvi02g00540,,,,Unknown protein,,,,,
671,VIT_00s0396g00010,15,0.0073,,Vitvi00g00610,,,,Photosystem II PsbC,,,K02705,vv10195Photosynthesis,vv50135Primary_active_transporter_cat_D3_to_E2
672,VIT_09s0002g05270,15,0.0073,VviGA3ox1,Vitvi09g00448,,,GA,Gibberellin 3-oxidase_1,,Enzyme,,vv10904Diterpenoid_biosynthesis,vv30001ABA_signaling
673,VIT_11s0016g03370,15,0.0073,,Vitvi11g01394,,,,Exostosin-like,,,K02366,vv11030Glycan_structures-biosynthesis1,
674,VIT_08s0040g01930,15,0.0073,,Vitvi08g01041,,,,Unknown protein,,,,,
675,VIT_02s0025g01820,15,0.0073,,Vitvi02g00165,,,,Cellulose synthase CSLG3,,,E2_4_1_12_CSLG3,vv40006Cell_wall,
676,VIT_04s0008g06980,15,0.0073,,Vitvi04g00627,,,,Unknown protein,,,,,
677,VIT_18s0089g01200,15,0.0073,,Vitvi18g02412,,,,Berberine bridge enzyme,,,E1_21_3_3,vv10950Alkaloid_biosynthesis_I,
678,VIT_00s0188g00190,14,0.0069,,Vitvi10g01996,,,,Auxilin,,,,,
679,VIT_18s0001g08980,14,0.0068,,Vitvi18g00647,,,,Beta-1,4-mannosyltransferase,,,E2_4_1_142,vv10510N-Glycan_biosynthesis
680,VIT_19s0177g00300,14,0.0068,,Vitvi19g00457,,,,Glucose 6 phosphate/phosphate translocator-like protein,,,GPT1,vv50122Porters_cat_7_to_17,
681,VIT_09s0002g00670,14,0.0068,,Vitvi09g01495,,,,Auxin responsive SAUR protein,,,SAUR,vv30003Auxin_signaling,
682,VIT_18s0001g15670,13,0.0064,,Vitvi18g01249,,,,Cytoplasm protein,,,,,
683,VIT_00s2562g00010,13,0.0064,,Vitvi11g01714,,,,No hit,,,,,
684,VIT_00s0389g00020,13,0.0064,,Vitvi02g01726,,,,Acyl-CoA oxidase (ACX1),,,E1_3_3_6_ACX1,vv10071Fatty_acid_metabolism,vv10592Alpha-linolenic_acid_metabolism
685,VIT_11s0016g02950,13,0.0064,,Vitvi11g00248,,,,Profilin 1 (PRO1) (PFN1) (PRF1) / allergen Ara t 8,,,K05759,vv44810Regulation_of_actin_cytoskeleton,
686,VIT_17s0000g02520,13,0.0063,,Vitvi17g00221,,,,Membrane protein,,,,,
687,VIT_18s0041g01640,13,0.0063,,Vitvi18g02105,,,,Leucine-rich repeat family protein,,,,,
688,VIT_05s0049g00250,13,0.0063,,Vitvi05g01921,,,,2-oxoglutarate-dependent dioxygenase,,,,,
689,VIT_02s0012g00050,13,0.0063,,Vitvi02g00594,,,,Glycine-rich protein,,,,,
690,VIT_08s0007g03910,13,0.0063,,Vitvi08g01514,,,,CTR1 serine/threonine protein kinase,,,CTR1,vv30008Ethylene_signaling,
691,VIT_04s0044g01170,13,0.0063,,Vitvi04g01676,,,,Aminotransferase, class V,,,,
692,VIT_04s0008g04060,12,0.0059,RD22i,Vitvi04g00352,BURP_RD22,BURP_RD22,BURP,response to dehydration 22i,VvBURP12,Other,,,
693,VIT_08s0007g07950,12,0.0059,,Vitvi08g01864,,,,Zf A20 and AN1 domain-containing stress-associated protein 2,,,SAP2_1,vv60077Other_zf-AN1,
694,VIT_08s0007g02950,12,0.0059,,Vitvi08g01427,,,,Unknown protein,,,,,
695,VIT_02s0109g00430,12,0.0059,,Vitvi02g00963,,,,Nitrilase 4 (NIT4),,,K13035,vv10910Nitrogen_metabolism,
696,VIT_16s0039g00930,12,0.0059,,Vitvi16g01497,,,,CYP89A5,,,,,
697,VIT_05s0020g01600,12,0.0059,,Vitvi05g00329,,,,Unknown protein,,,,,
698,VIT_14s0066g01440,12,0.0058,VviHB50,Vitvi14g01786,HB,HD-ZIP I,,Homeodomain leucine zipper protein HB-1,,TF,VVHB1_3,vv60034HB,
699,VIT_02s0025g01680,12,0.0058,,Vitvi02g00157,,,,F-box family protein,,,,,
700,VIT_14s0030g00980,12,0.0058,,Vitvi14g02618,,,,DNA-directed RNA polymerase III subunit C25,,,K03022,vv23020RNA_polymerase,
701,VIT_01s0146g00170,12,0.0058,,Vitvi01g01710,,,,N-ethylammeline chlorohydrolase BH0746,,,E3_8_1_x,,
702,VIT_12s0028g00410,12,0.0058,,,,,,Protein phosphatase 2C,,,E3_1_3_16,,
703,VIT_13s0074g00310,12,0.0058,,Vitvi13g00732,,,,Translation initiation factor eIF-2 gamma subunit,,,K03242,vv23013RNA_transport,
704,VIT_01s0010g01720,11,0.0054,,Vitvi01g01440,,,,Aldose reductase,,,E1_1_1_21,vv10561Glycerolipid_metabolism,
705,VIT_08s0040g00590,11,0.0054,,Vitvi08g00923,,,,Zinc finger (C3HC4-type ring finger),,,ZFC3HC4_43,vv60078Other_zf-C3HC4,
706,VIT_11s0016g03280,11,0.0053,,Vitvi11g00279,,,,Protein phosphatases PP1 regulatory subunit SDS22,,,E3_1_3_16,,
707,VIT_05s0077g02000,10,0.0049,,Vitvi05g00039,,,,Epoxide hydrolase,,,E3_3_2_10,,
708,VIT_18s0041g00230,10,0.0049,,Vitvi18g03095,,,,TIR-NBS-LRR disease resistance,,,,,
709,VIT_04s0008g00760,10,0.0049,,Vitvi04g00062,,,,Thioredoxin Trp26,,,,,
710,VIT_16s0050g01510,10,0.0049,,Vitvi16g01136,,,,SGT1-2,,,SGT1,vv30003Auxin_signaling,vv34626Plant-pathogen_interaction
711,VIT_18s0001g08950,10,0.0049,,Vitvi18g02646,,,,No hit,,,,,
712,VIT_17s0000g06060,10,0.0049,,Vitvi17g00587,,,,Transcription regulator/ zinc ion binding,,,,,
713,VIT_02s0025g05100,10,0.0048,,Vitvi02g00465,,,,AT-hook DNA-binding protein,,,,,
714,VIT_19s0085g00860,10,0.0048,ALDHF5F3,Vitvi19g01739,ALDH,ALDH,Unclassified (Unknown Pathway),Aldehyde dehydrogenase,,Enzyme,,vv10251Glutamate_metabolism,vv10650Butanoate_metabolism
715,VIT_15s0046g00130,10,0.0048,,Vitvi15g00934,,,,Aluminum activated malate transporter 1,,,ALMT1,vv50125Porters_cat_66_to_94,
716,VIT_19s0014g03500,9,0.0044,,,,,,Unknown protein,,,,,
717,VIT_04s0008g02550,9,0.0044,4CL5,Vitvi04g00220,4CL,4CL,Phenylpropanoid Pathway (Early),4CL (4-Coumarate:CoA Ligase),,Enzyme,6.2.1.12,vv10940Phenylpropanoid_biosynthesis,vv50104Group_translocators
718,VIT_02s0025g03670,9,0.0044,,Vitvi02g00339,,,,Serine racemase,,,K01780,,
719,VIT_04s0008g00920,9,0.0044,,Vitvi04g00078,,,,Clavata1 receptor kinase (CLV1),,,,,
720,VIT_00s0301g00080,9,0.0044,,Vitvi10g01756,,,,No hit,,,,,
721,VIT_03s0017g00920,9,0.0044,,Vitvi03g01819,,,,R protein  PRF  disease resistance protein,,,K13453,vv34627R_proteins_from_Plant-pathogen_interaction,
722,VIT_12s0028g00050,9,0.0044,,Vitvi12g00038,,,,Beta-1,3 glucanase,,,E3_2_1_6,
723,VIT_05s0102g00120,9,0.0044,,Vitvi05g01469,,,,Glutathione peroxidase,,,E1_11_1_9,vv10480Glutathione_metabolism,
724,VIT_18s0001g08410,9,0.0044,VviHB64,Vitvi18g00603,HB,HD-ZIP II,,Homeobox-leucine zipper protein 22,,TF,HAT22_2,vv60034HB,
725,VIT_18s0072g00460,9,0.0044,,Vitvi18g01634,,,,Transcription elongation factor,,,,,
726,VIT_09s0002g01060,9,0.0044,,Vitvi09g00083,,,,Unknown protein,,,,,
727,VIT_15s0021g01080,9,0.0044,,Vitvi15g00523,,,,CYP72A1,,,K13400,vv10902Monoterpenoid_biosynthesis,
728,VIT_14s0006g02970,9,0.0044,,Vitvi14g01195,,,,CYP735A1,,,CYP735A1,vv10908Zeatin_biosynthesis,
729,VIT_00s0319g00010,8,0.0039,,Vitvi00g01764,,,,No hit,,,,,
730,VIT_03s0038g01740,8,0.0039,,Vitvi03g01383,,,,Disease resistance RPP8 2,,,,,
731,VIT_16s0013g02030,7,0.0034,,Vitvi16g00504,,,,Unknown protein,,,,,
732,VIT_07s0005g01650,7,0.0034,,Vitvi07g00429,,,,Nodal modulator 1 precursor,,,,,
733,VIT_13s0320g00050,7,0.0034,,Vitvi13g01854,,,,Lipid transfer protein 3,,,LTP3,,
734,VIT_05s0049g00400,7,0.0034,,Vitvi05g01929,,,,Desacetoxyvindoline 4-hydroxylase,,,E1_14_11_20,vv10902Monoterpenoid_biosynthesis,
735,VIT_08s0056g00130,7,0.0034,,Vitvi08g00014,,,,Unknown protein,,,,,
736,VIT_05s0020g01770,7,0.0034,,Vitvi05g00344,,,,PBS1 (avrPphB susceptible 1),,,K13430,vv34626Plant-pathogen_interaction,
737,VIT_11s0016g04840,7,0.0034,,Vitvi11g00427,,,,Avr9/Cf-9 rapidly elicited protein 11,,,,,
738,VIT_09s0002g04490,6,0.0029,,Vitvi09g00375,,,,PDX1 (pyridoxine biosynthesis 1.3),,,K06215,vv10750Vitamin_B6_metabolism,
739,VIT_05s0049g01970,6,0.0029,,Vitvi05g00838,,,,IAA13,,,IAA13,vv30003Auxin_signaling,vv60008AUXIAA
740,VIT_18s0001g05530,6,0.0029,,Vitvi18g00395,,,,Annexin 1 (ANN1),,,ANN1,vv50101Channels_and_pores,
741,VIT_14s0219g00050,6,0.0029,MYB40,Vitvi14g01615,R2R3-MYBs,MYB_SAt85,MYBs,,,TF,,vv60044MYB,
742,VIT_09s0054g00980,6,0.0029,,Vitvi09g01404,,,,Zinc finger (C3HC4-type ring finger),,,ZFC3HC4_166,vv60078Other_zf-C3HC4,
743,VIT_18s0157g00080,6,0.0029,,,,,,Alliin lyase precursor,,,E4_4_1_4,vv10272Cysteine_metabolism,
744,VIT_03s0063g01040,6,0.0029,PrxIII41a ,Vitvi03g00456,Peroxidase,Peroxidase,Unclassified (Unknown Pathway),Peroxidase,VviPrx10a,Enzyme,,vv10360Phenylalanine_metabolism,vv10680Methane_metabolism
745,VIT_02s0012g01750,6,0.0029,,Vitvi02g00732,,,,NHL8 (NDR1/HIN1-like 8),,,,,
746,VIT_14s0068g00830,6,0.0029,,Vitvi14g01438,,,,2,3,4,5-tetrahydropyridine-2,6-dicarboxylate N-succinyltransferase,
747,VIT_09s0002g02380,6,0.0029,,Vitvi09g00199,,,,Thioredoxin 2,,,,,
748,VIT_03s0063g00720,6,0.0029,,Vitvi03g01559,,,,CXE carboxylesterase CXE10,,,E3_1_1_1,,
749,VIT_03s0097g00060,6,0.0029,,Vitvi03g01680,,,,Arginine-tRNA-protein transferase 1,,,E2_3_2_8,vv20970Aminoacyl-tRNA_biosynthesis,
750,VIT_14s0066g01460,6,0.0029,,Vitvi14g01788,,,,HEAT repeat-containing protein,,,,,
751,VIT_11s0065g00730,6,0.0029,,Vitvi11g01567,,,,F-box protein,,,,,
752,VIT_12s0059g02750,6,0.0029,,Vitvi12g00569,,,,Eukaryotic translation initiation factor-related,,,,,
753,VIT_03s0063g00150,6,0.0029,,Vitvi03g00523,,,,Unknown protein,,,,,
754,VIT_15s0046g03590,6,0.0029,,Vitvi15g01707,,,,(+)-neomenthol dehydrogenase,,,E1_1_1_208,vv10902Monoterpenoid_biosynthesis,
755,VIT_04s0044g00650,6,0.0029,,Vitvi04g01625,,,,S-receptor kinase,,,,,
756,VIT_15s0046g01520,6,0.0029,,Vitvi15g01633,,,,No hit,,,,,
757,VIT_13s0067g00650,6,0.0029,,Vitvi13g01295,,,,R protein  PRF  disease resistance protein,,,K13453,vv34627R_proteins_from_Plant-pathogen_interaction,
758,VIT_09s0002g00750,6,0.0029,MDR9,Vitvi09g00053,ABC-transporter,DMR/ABCB,ABC-transporter,ATP-binding cassette (ABC),ABCB9,Transporter,,vv52010ABC_transporters,
759,VIT_18s0089g00910,6,0.0029,ARF19,Vitvi18g02390,ARF,ARF,ARF,Auxin response factors,,TF,,vv30003Auxin_signaling,vv60004ARF
760,VIT_08s0007g01400,6,0.0029,,Vitvi08g02226,,,,Glutathione S-transferase 8 GSTU8,,,E2_5_1_18_GSTU8,vv10480Glutathione_metabolism,
761,VIT_00s1428g00020,6,0.0029,,Vitvi10g02391,,,,No hit,,,,,
762,VIT_18s0001g08620,5,0.0024,,Vitvi18g00619,,,,Photosystem I P700 chlorophyll a apoprotein A2,,,K02690,vv10195Photosynthesis,vv50105Transport_electron_carriers
763,VIT_00s0220g00010,5,0.0024,,Vitvi07g01254,,,,RNA recognition motif (RRM)-containing protein,,,,,
764,VIT_06s0004g04800,4,0.0020,,Vitvi06g00472,,,,Triosephosphate isomerase, cytosolic,,,E5_3_1_1,vv10010Glycolysis
765,VIT_04s0008g03200,4,0.0020,,Vitvi04g00282,,,,Lachrymatory factor synthase,,,,,
766,VIT_05s0049g02310,4,0.0020,,Vitvi05g00866,,,,Biopterin transport-related protein BT1,,,BIOPTERIN,vv50125Porters_cat_66_to_94,
767,VIT_18s0041g01720,4,0.0020,,Vitvi18g02110,,,,Disease resistance protein (TIR-NBS-LRR class,,,,,
768,VIT_00s0323g00030,4,0.0020,,,,,,HSP associated protein,,,,,
769,VIT_16s0100g00520,4,0.0019,,Vitvi16g00957,,,,ATPP2-A13,,,,,
770,VIT_07s0191g00050,4,0.0019,PrxIII36a ,Vitvi07g01502,Peroxidase,Peroxidase,Unclassified (Unknown Pathway),Peroxidase 17,VviPrx17a,Enzyme,,vv10360Phenylalanine_metabolism,vv10680Methane_metabolism
771,VIT_10s0003g02050,4,0.0019,,Vitvi10g00661,,,,Cyclic phosphodiesterase,,,,,
772,VIT_19s0027g00390,3,0.0015,,Vitvi19g01507,,,,Protein kinase,,,,,
773,VIT_17s0000g02070,3,0.0015,,Vitvi17g00174,,,,Deoxyhypusine synthase,,,E2_5_1_46,vv10220Urea_cycle_and_metabolism_of_amino_groups,
774,VIT_12s0059g00910<br>VIT_12s0059g00930,3,0.0015
775,VIT_05s0077g01260<br>VIT_05s0077g01270,3,0.0015
776,VIT_14s0066g02590,3,0.0015,,Vitvi14g01892,,,,Nitrate transporter NRT1-5,,,POT,vv50122Porters_cat_7_to_17,
777,VIT_06s0004g02760,3,0.0015,,Vitvi06g00273,,,,SAR1 (secretion-associated ras),,,K07953,vv24141Protein_processing_in_endoplasmic_reticulum,vv50110Protein_coat
778,VIT_03s0038g03840,3,0.0015,,Vitvi03g00241,,,,Cuticular water permeability,,,,,
779,VIT_12s0035g01630,3,0.0015,,Vitvi12g02094,,,,RPS2 (resistant to p. syringae 2),,,K13459,vv34626Plant-pathogen_interaction,
780,VIT_07s0031g02700,3,0.0015,,Vitvi07g01948,,,,Amidase,,,E3_5_1_4,vv10220Urea_cycle_and_metabolism_of_amino_groups,vv10360Phenylalanine_metabolism
781,VIT_09s0002g07120,3,0.0015,,Vitvi09g00629,,,,Adenine phosphoribosyltransferase,,,E2_4_2_7,vv10230Purine_metabolism,
782,VIT_08s0032g00620,3,0.0015,,Vitvi08g00201,,,,Ribosomal protein L22,,,K02890,vv23010Ribosome,
783,VIT_19s0014g03480,3,0.0015,,Vitvi19g01902,,,,Unknown protein,,,,,
784,VIT_04s0008g05570,3,0.0015,,Vitvi04g00494,,,,UDP-glucuronic acid/UDP-N-acetylgalactosamine transporter,,,UDPGLUCUTR,vv50122Porters_cat_7_to_17,
785,VIT_12s0034g00240,3,0.0015,,Vitvi12g02600,,,,Mekk1,,,K04416,vv24120Ubiquitin_mediated_proteolysis,vv34626Plant-pathogen_interaction
786,VIT_13s0019g02120,3,0.0015,ZFP69,Vitvi13g00340,C2H2 ZFP_set_C,C2H2 ZFP_set_C,C2H2 ZFP,,,TF,,vv60017C2H2,
787,VIT_08s0056g00730,3,0.0015,,Vitvi08g00061,,,,SEC14 cytosolic factor,,,SEC14,vv50122Porters_cat_7_to_17,
788,VIT_04s0008g05930,3,0.0015,ZFP21,Vitvi04g00527,C2H2 ZFP_set_C,C2H2 ZFP_set_C,C2H2 ZFP,,,TF,,vv60017C2H2,
789,VIT_07s0151g01070,3,0.0015,TPS68,Vitvi07g00130,TPS,TPS,Terpene Pathway,terpene synthase,,Enzyme,,vv10904Diterpenoid_biosynthesis,
790,VIT_01s0011g01360,3,0.0015,,Vitvi01g00108,,,,Copper-transporting ATPase RAN1,,,K01533_RAN1,vv50131Primary_active_transporter_cat_A2_to_A4,
791,VIT_07s0129g00660,3,0.0015,,Vitvi07g01644,,,,Indole-3-acetic acid-amido synthetase GH3.2,,,AUXINBIOSYNTHESIS_GH3,vv11002Auxin_biosynthesis,
792,VIT_03s0063g02700,3,0.0015,,Vitvi03g00317,,,,CPL4 (C-Terminal Domain Phosphatase-like 4),,,,,
793,VIT_03s0063g02340,3,0.0015,VvBNM2-like1,Vitvi03g00352,BURP_BNM,BURP_BNM,BURP,,VvBURP03, BURP1,Other,,
794,VIT_18s0041g01400,3,0.0015,,Vitvi18g02087,,,,TIR-NBS-LRR-TIR disease resistance protein,,,,,
795,VIT_19s0014g02870<br>VIT_19s0014g02860,3,0.0015
796,VIT_00s0188g00130,3,0.0015,,,,,,Amino acid permease 2,,,AAP2,vv50123Porters_cat_18_to_29,
797,VIT_17s0000g08970,3,0.0015,,Vitvi17g00886,,,,Proline-rich family protein,,,,,
798,VIT_15s0045g00250,3,0.0015,,Vitvi15g00282,,,,Auxilin,,,,,
799,VIT_05s0020g04840,3,0.0015,,Vitvi05g00648,,,,H1flk, putative,,,,
800,VIT_08s0040g00640,3,0.0015,,Vitvi08g02110,,,,No hit,,,,,
801,VIT_06s0009g01360,3,0.0015,,Vitvi06g01035,,,,R protein  PRF  disease resistance protein,,,K13453,vv34627R_proteins_from_Plant-pathogen_interaction,
802,VIT_09s0018g01540,3,0.0015,,Vitvi09g01900,,,,Unknown protein,,,,,
803,VIT_01s0011g03190,3,0.0015,,Vitvi01g00254,,,,ATP-dependent Clp protease adaptor protein ClpS containing protein,,,K06891,,
804,VIT_11s0016g00930,3,0.0015,,Vitvi11g00069,,,,Unknown protein,,,,,
805,VIT_17s0053g00460,3,0.0015,,Vitvi17g01646,,,,Pinoresinol-lariciresinol reductase,,,PLR,vv10940Phenylpropanoid_biosynthesis,
806,VIT_16s0050g02020<br>VIT_16s0050g02030,3,0.0015
807,VIT_18s0075g00090,3,0.0015,,Vitvi18g03004,,,,Unknown,,,,,
808,VIT_19s0015g01190,3,0.0015,,Vitvi19g00744,,,,Ubiquitin-conjugating enzyme E2 D/E,,,K06689,vv24120Ubiquitin_mediated_proteolysis,vv24141Protein_processing_in_endoplasmic_reticulum
809,VIT_18s0001g08270,3,0.0015,,Vitvi18g00593,,,,Amino acid permease 6,,,AAP6,vv50123Porters_cat_18_to_29,
810,VIT_00s0279g00040,3,0.0015,,Vitvi16g01598,,,,Heat shock protein binding,,,,,
811,VIT_18s0001g14000,3,0.0015,,Vitvi18g01094,,,,Auxin-induced SAUR,,,SAUR,vv30003Auxin_signaling,
812,VIT_06s0004g03700,3,0.0015,,Vitvi06g00374,,,,Phototropin-1,,,PHOT1,vv50101Channels_and_pores,
813,VIT_16s0022g02040,3,0.0015,,Vitvi16g00857,,,,PBS2 (PPHB susceptible 2),,,K13430,vv34626Plant-pathogen_interaction,
814,VIT_14s0060g00630,3,0.0015,,Vitvi14g00056,,,,Pyrrolidone-carboxylate peptidase,,,E3_4_19_3,,
815,VIT_12s0028g03240,3,0.0015,,Vitvi12g02300,,,,Tyrosine aminotransferase,,,E2_6_1_5,vv10271Methionine_metabolism,vv10350Tyrosine_metabolism
816,VIT_08s0040g00720,3,0.0015,,Vitvi08g00935,,,,Snf1 protein kinase (KIN10) (SKIN10),,,K08800,,
817,VIT_18s0001g12050,3,0.0015,,Vitvi18g02733,,,,Peroxisomal biogenesis factor 11 (PEX11),,,,,
818,VIT_13s0019g00620,3,0.0015,,Vitvi13g01534,,,,Dimethylaniline monooxygenase, N-oxide-forming,,,E1_14_13_8,vv11000Single_reactions
819,VIT_16s0039g01860,3,0.0015,,Vitvi16g00116,,,,RNA recognition motif (RRM)-containing protein,,,,,
820,VIT_05s0049g01950,3,0.0015,,Vitvi05g00836,,,,Tetratricopeptide helical,,,,,
821,VIT_06s0080g00330,3,0.0015,,Vitvi06g01477,,,,Esterase/lipase/thioesterase family protein,,,,,
822,VIT_14s0030g00670,3,0.0015,SDH4,Vitvi14g00340,SDH,SDH,Shikimate Pathway,SKD (shikimic dehydrogenase), SDH (shikimate dehydrogenase), 3-dehydroquinate dehydratase + shikimate 5-dehydrogenase,,Enzyme,4.2.1.10
823,VIT_18s0001g10240,3,0.0015,,Vitvi18g02679,,,,N-hydroxycinnamoyl/benzoyltransferase 6,,,,,
824,VIT_15s0048g02260,3,0.0015,,Vitvi15g00859,,,,Calcium-binding EF hand,,,,,
825,VIT_05s0049g00230,3,0.0015,,Vitvi05g00696,,,,E8 protein,,,E8,vv30008Ethylene_signaling,
826,VIT_00s0187g00120,3,0.0015,,Vitvi10g01674,,,,Cystatin,,,,,
827,VIT_04s0008g02390,3,0.0015,,Vitvi04g00205,,,,Zinc finger (C3HC4-type ring finger),,,ZFC3HC4_39,vv60078Other_zf-C3HC4,
828,VIT_04s0023g02420,3,0.0015,,Vitvi04g01362,,,,Mitogen-activated protein kinase 4,,,K06855,,
829,VIT_03s0017g02140,3,0.0015,,Vitvi03g01282,,,,Tetrahydroxychalcone 2'-glucosyltransferase,,,THCGT,vv10941Flavonoid_biosynthesis,
830,VIT_12s0028g00260,3,0.0015,,Vitvi12g00868,,,,Phosphoribosylamine--glycine ligase (PUR2),,,E6_3_4_13,vv10230Purine_metabolism,
831,VIT_08s0040g02380,3,0.0015,,Vitvi08g01073,,,,Hydrolase, alpha/beta fold,,,,
832,VIT_12s0055g00590<br>VIT_12s0055g00610<br>VIT_12s0055g00650,3,0.0015
833,VIT_05s0020g04610,3,0.0015,,Vitvi05g00623,,,,SYM10 protein,,,,,
834,VIT_09s0018g01890,3,0.0015,,,,,,No hit,,,,,
835,VIT_02s0025g01790,3,0.0015,,,,,,Cellulose synthase CSLG3,,,E2_4_1_12_CSLG3,vv40006Cell_wall,
836,VIT_10s0003g02030,3,0.0015,,Vitvi10g00657,,,,Nitrate transporter 1:2,,,NRT1_2,vv50122Porters_cat_7_to_17,
837,VIT_13s0064g01870,3,0.0015,,Vitvi13g01800,,,,R protein MLA10,,,K13475,vv34627R_proteins_from_Plant-pathogen_interaction,
838,VIT_11s0052g00880,3,0.0015,,Vitvi11g01236,,,,NADPH-cytochrome P450 oxydoreductase isoform 3,,,E1_6_2_4,vv10195Photosynthesis,
839,VIT_08s0007g04120,3,0.0015,,Vitvi08g01534,,,,CYPLXXVIA2,,,,,
840,VIT_01s0010g02810,3,0.0015,,Vitvi01g01567,,,,Unknown protein,,,,,
841,VIT_16s0098g01610,3,0.0015,,Vitvi16g02083,,,,Unknown,,,,,
842,VIT_03s0063g01650,3,0.0015,,Vitvi03g00407,,,,CYP82C4,,,,,
843,VIT_16s0013g01120,3,0.0015,VviERF6L12,Vitvi16g00380,ERF,IX,AP2/ERF,Ethylene-responsive transcription factor 6L_12,,TF,,vv30008Ethylene_signaling,vv60003AP2_EREBP
844,VIT_11s0016g01990,3,0.0015,,Vitvi11g00158,,,,Regulatory protein NPR1 (Nonexpresser of PR genes 1),,,NPR1,vv30011Jasmonate_signaling,vv60093TRAF
845,VIT_08s0007g08250,3,0.0015,,Vitvi08g01883,,,,Nuclear transcription factor Y subunit A-9,,,NFYA9,vv60021CCAAT,
